,#,"Country,Other",TotalCases,NewCases,TotalDeaths,NewDeaths,TotalRecovered,NewRecovered,ActiveCases,"Serious,Critical",Tot Cases/1M pop,Deaths/1M pop,TotalTests,Tests/,1M pop,,Population,Continent,1 Caseevery X ppl1 Deathevery X ppl1 Testevery X ppl,
,,,North America,,"33,435,543","+19,244","756,017","+1,094","23,072,460","+10,891","9,607,066","22,014",,,,,,North America,,,,,
,,,Asia,,"24,919,497","+54,264","397,386",+676,"23,430,592","+46,427","1,091,519","21,831",,,,,,Asia,,,,,
,,,South America,,"17,856,132","+5,558","463,826",+108,"16,154,042","+4,873","1,238,264","18,862",,,,,,South America,,,,,
,,,Europe,,"33,996,853","+111,891","811,002","+2,137","23,519,347","+73,756","9,666,504","25,343",,,,,,Europe,,,,,
,,,Africa,,"3,910,310","+2,942","103,362",+59,"3,468,969","+3,375","337,979","2,552",,,,,,Africa,,,,,
,,,Oceania,,"51,105",+8,"1,088",,"34,272",+4,"15,745",6,,,,,,Australia/Oceania,,,,,
,,,,,721,,15,,706,,0,0,,,,,,,,,,,
,,World,"114,170,161","+193,907","2,532,696","+4,074","89,680,388","+139,326","21,957,077","90,608","14,647",324.9,,,,All,,,,,
,1,USA,"29,143,480","+6,568","523,296 ",+214,"19,534,782",+714,"9,085,402","15,455","87,708","1,575","356,194,003","1,071,976","332,277,970 ",North America,116351,
,2,India,"11,095,852","+16,758","157,078 ",+108,"10,772,691","+11,552","166,083","8,944","7,989",113,"215,435,383","155,112","1,388,901,219 ",Asia,"1258,8426",
,3,Brazil,"10,457,794",,"252,988 ",,"9,355,974",,"848,832","8,318","48,971","1,185","28,600,000","133,925","213,551,580 ",South America,208447,
,4,Russia,"4,234,720","+11,534","85,743 ",+439,"3,799,406","+16,020","349,571","2,300","29,010",587,"110,600,000","757,660","145,975,683 ",Europe,"341,7021",
,5,UK,"4,170,519","+7,434","122,705 ",+290,"2,779,169",,"1,268,645","1,971","61,223","1,801","89,162,545","1,308,897","68,120,388 ",Europe,165551,
,6,France,"3,712,020",,"86,147 ",,"254,868",,"3,371,005","3,430","56,786","1,318","51,853,607","793,250","65,368,578 ",Europe,187591,
,7,Spain,"3,188,553",,"69,142 ",,"2,647,446",,"471,965","3,021","68,180","1,478","38,491,517","823,054","46,766,708 ",Europe,156761,
,8,Italy,"2,907,825","+18,916","97,507 ",+280,"2,398,352","+11,320","411,966","2,216","48,140","1,614","39,875,863","660,161","60,403,209 ",Europe,216192,
,9,Turkey,"2,683,971",,"28,432 ",,"2,556,785",,"98,754","1,195","31,601",335,"32,939,661","387,827","84,933,885 ",Asia,"322,9873",
,10,Germany,"2,437,760","+1,254","70,460 ",+39,"2,243,200","+7,400","124,100","2,848","29,035",839,"43,950,029","523,463","83,960,193 ",Europe,"341,1922",
,11,Colombia,"2,244,792",,"59,518 ",,"2,141,874",,"43,400","2,240","43,811","1,162","11,384,738","222,192","51,238,374 ",South America,238615,
,12,Argentina,"2,098,728",,"51,887 ",,"1,892,834",,"154,007","3,475","46,159","1,141","7,365,796","162,000","45,467,818 ",South America,228766,
,13,Mexico,"2,076,882","+7,512","184,474 ",+782,"1,625,328","+5,320","267,080","4,798","15,998","1,421","5,414,012","41,704","129,820,722 ",North America,6370424,
,14,Poland,"1,696,885","+12,100","43,656 ",+303,"1,414,461","+8,909","238,768","1,446","44,868","1,154","9,824,524","259,776","37,819,286 ",Europe,228664,
,15,Iran,"1,623,159","+7,975","59,980 ",+81,"1,386,534","+6,612","176,645","3,729","19,164",708,"10,797,788","127,488","84,696,825 ",Asia,"521,4128",
,16,South Africa,"1,510,778",,"49,784 ",,"1,426,417",,"34,577",546,"25,265",833,"9,028,074","150,975","59,798,322 ",Africa,"401,2017",
,17,Ukraine,"1,342,016","+8,172","25,893 ",+151,"1,168,321","+4,766","147,802",177,"30,808",594,"6,845,974","157,161","43,560,183 ",Europe,"321,6826",
,18,Indonesia,"1,329,074","+6,208","35,981 ",+195,"1,136,054","+7,382","157,039",,"4,826",131,"10,763,757","39,081","275,419,507 ",Asia,"2077,65526",
,19,Peru,"1,316,363",,"46,094 ",,"1,218,409",,"51,860","2,119","39,563","1,385","7,489,096","225,084","33,272,390 ",South America,257224,
,20,Czechia,"1,227,595","+14,676","20,194 ",+93,"1,064,022",+359,"143,379","1,507","114,492","1,883","7,972,909","743,599","10,722,060 ",Europe,95311,
,21,Netherlands,"1,084,021","+4,937","15,543 ",+40,N/A,N/A,N/A,518,"63,172",906,"6,970,400","406,205","17,159,826 ",Europe,"161,1042",
,22,Canada,"863,515","+2,043","21,944 ",+29,"810,783","+1,744","30,788",567,"22,748",578,"24,205,347","637,666","37,959,267 ",North America,"441,7302",
,23,Chile,"821,418","+4,489","20,476 ",+76,"776,955","+4,004","23,987","1,659","42,729","1,065","9,313,533","484,478","19,223,871 ",South America,239392,
,24,Portugal,"803,844","+1,071","16,276 ",+33,"717,313","+2,820","70,255",492,"78,986","1,599","8,168,147","802,601","10,177,094 ",Europe,136251,
,25,Romania,"799,164","+3,432","20,287 ",+54,"738,569","+2,549","40,308",997,"41,726","1,059","6,039,706","315,342","19,152,885 ",Europe,249443,
,26,Israel,"770,780",,"5,697 ",,"725,953",,"39,130",737,"83,802",619,"11,934,829","1,297,604","9,197,590 ",Asia,"121,6141",
,27,Belgium,"766,654","+2,769","22,034 ",+28,"52,233",+142,"692,387",369,"65,961","1,896","9,385,939","807,546","11,622,788 ",Europe,155271,
,28,Iraq,"692,241","+3,543","13,383 ",+18,"632,998","+2,820","45,860",373,"16,962",328,"6,810,718","166,887","40,810,326 ",Asia,"593,0496",
,29,Sweden,"657,309",,"12,826 ",,N/A,N/A,N/A,223,"64,819","1,265","5,917,399","583,533","10,140,634 ",Europe,157912,
,30,Pakistan,"578,797","+1,315","12,837 ",+33,"544,406","+2,013","21,554","1,538","2,587",57,"8,912,918","39,845","223,690,464 ",Asia,"38617,42525",
,31,Philippines,"574,247","+2,921","12,289 ",+42,"524,865",+293,"37,093",785,"5,195",111,"8,753,147","79,188","110,535,735 ",Asia,"1928,99513",
,32,Switzerland,"554,932",,"9,961 ",,"507,856",,"37,115",180,"63,813","1,145","5,025,401","577,886","8,696,178 ",Europe,168732,
,33,Bangladesh,"545,831",+407,"8,400 ",+5,"496,107",+609,"41,324",,"3,293",51,"4,030,616","24,315","165,765,220 ",Asia,"30419,73441",
,34,Morocco,"482,994",,"8,608 ",,"468,387",,"5,999",306,"12,985",231,"5,634,712","151,482","37,197,142 ",Africa,"774,3217",
,35,Austria,"457,317","+2,457","8,538 ",+23,"428,904","+1,647","19,875",264,"50,587",944,"5,341,373","590,849","9,040,165 ",Europe,"201,0592",
,36,Serbia,"456,450","+3,210","4,429 ",+15,"400,347",,"51,674",160,"52,380",508,"2,930,139","336,251","8,714,140 ",Europe,"191,9683",
,37,Japan,"430,539","+1,067","7,807 ",+85,"408,020","+1,436","14,712",440,"3,411",62,"8,203,285","64,991","126,221,005 ",Asia,"29316,16815",
,38,Hungary,"424,130","+4,948","14,902 ",+107,"319,691","+1,792","89,537",482,"43,978","1,545","3,632,712","376,674","9,644,170 ",Europe,236473,
,39,UAE,"388,594","+3,434","1,213 ",+15,"379,708","+2,171","7,673",,"38,982",122,"30,439,712","3,053,538","9,968,670 ",Asia,"268,2180",
,40,Jordan,"386,496","+2,584","4,675 ",+25,"346,287","+2,447","35,534",284,"37,635",455,"4,566,735","444,687","10,269,551 ",Asia,"272,1972",
,41,Saudi Arabia,"377,061",+338,"6,488 ",+5,"368,011",+320,"2,562",475,"10,722",184,"13,594,146","386,545","35,168,320 ",Asia,"935,4213",
,42,Lebanon,"369,692",,"4,610 ",,"285,050",,"80,032",915,"54,324",677,"2,988,278","439,113","6,805,266 ",Asia,"181,4762",
,43,Panama,"339,781",,"5,820 ",,"324,836",,"9,125",195,"77,946","1,335","1,891,638","433,945","4,359,167 ",North America,137492,
,44,Slovakia,"306,268","+2,848","7,075 ",+109,"255,300",,"43,893",669,"56,079","1,295","2,037,732","373,116","5,461,384 ",Europe,187723,
,45,Malaysia,"298,315","+2,364","1,121 ",+10,"270,166","+3,320","27,028",190,"9,140",34,"6,138,208","188,072","32,637,502 ",Asia,"10929,1155",
,46,Belarus,"285,959","+1,459","1,966 ",+9,"276,234","+1,491","7,759",,"30,269",208,"4,879,018","516,447","9,447,275 ",Europe,"334,8052",
,47,Ecuador,"282,599",,"15,713 ",,"238,817",,"28,069",524,"15,860",882,"997,361","55,974","17,818,236 ",South America,"631,13418",
,48,Nepal,"274,065",+81,"2,773 ",+2,"270,325",+62,967,,"9,297",94,"2,160,404","73,286","29,478,959 ",Asia,"10810,63114",
,49,Georgia,"270,510",+373,"3,499 ",+14,"264,589",+542,"2,422",,"67,897",878,"2,684,212","673,728","3,984,117 ",Asia,"151,1391",
,50,Bolivia,"247,891","+1,069","11,609 ",+32,"191,950",+869,"44,332",71,"21,048",986,"712,706","60,516","11,777,226 ",South America,"481,01417",
,51,Bulgaria,"245,627",,"10,128 ",,"203,494",,"32,005",378,"35,527","1,465","1,654,270","239,268","6,913,867 ",Europe,286834,
,52,Croatia,"242,617",+520,"5,511 ",+8,"233,890",+342,"3,216",75,"59,341","1,348","1,338,842","327,462","4,088,541 ",Europe,177423,
,53,Dominican Republic,"239,009",+804,"3,093 ",+11,"190,295","+1,132","45,621",219,"21,889",283,"1,203,441","110,213","10,919,236 ",North America,"463,5309",
,54,Azerbaijan,"234,267",+278,"3,218 ",+5,"228,651",+172,"2,398",,"22,969",316,"2,591,235","254,064","10,199,129 ",Asia,"443,1694",
,55,Tunisia,"231,964",,"7,942 ",,"196,945",,"27,077",268,"19,493",667,"972,664","81,739","11,899,686 ",Africa,"511,49812",
,56,Ireland,"218,251",,"4,300 ",,"23,364",,"190,587",135,"43,879",865,"3,505,314","704,737","4,973,929 ",Europe,"231,1571",
,57,Kazakhstan,"212,018",+806,"2,540 ",,"195,752",+631,"13,726",221,"11,204",134,"7,419,449","392,069","18,923,820 ",Asia,"897,4503",
,58,Denmark,"210,732",+520,"2,358 ",+5,"201,848",+317,"6,526",44,"36,298",406,"16,864,538","2,904,865","5,805,619 ",Europe,"282,4620",
,59,Costa Rica,"204,341",,"2,800 ",,"177,099",,"24,442",147,"39,874",546,"669,685","130,680","5,124,632 ",North America,"251,8308",
,60,Lithuania,"197,343",+626,"3,234 ",+8,"183,324","+1,061","10,785",153,"73,168","1,199","2,115,119","784,217","2,697,111 ",Europe,148341,
,61,Kuwait,"189,890",+844,"1,078 ",+6,"178,197","+1,064","10,615",158,"44,039",250,"1,778,076","412,367","4,311,878 ",Asia,"234,0002",
,62,Greece,"189,831","+1,630","6,468 ",+29,"165,718",,"17,645",377,"18,272",623,"5,209,532","501,426","10,389,436 ",Europe,"551,6062",
,63,Slovenia,"189,627",+948,"3,836 ",+13,"175,210","+3,305","10,581",95,"91,205","1,845","909,750","437,564","2,079,126 ",Europe,115422,
,64,Moldova,"184,856","+1,518","3,924 ",+25,"165,489",+601,"15,443",317,"45,895",974,"715,492","177,639","4,027,779 ",Europe,"221,0266",
,65,Palestine,"181,909","+1,061","2,025 ",+6,"166,119",+914,"13,765",110,"35,127",391,"1,159,257","223,855","5,178,613 ",Asia,"282,5574",
,66,Egypt,"181,241",,"10,590 ",,"139,927",,"30,724",90,"1,750",102,"1,000,000","9,653","103,593,955 ",Africa,"5729,782104",
,67,Guatemala,"174,335",+521,"6,374 ",+26,"161,129",+553,"6,832",5,"9,615",352,"916,369","50,539","18,131,879 ",North America,"1042,84520",
,68,Armenia,"171,793",+283,"3,190 ",+7,"163,309",+144,"5,294",,"57,903","1,075","724,606","244,231","2,966,889 ",Asia,179304,
,69,Honduras,"168,911",+668,"4,117 ",+18,"65,873",+448,"98,921",411,"16,878",411,"443,500","44,316","10,007,574 ",North America,"592,43123",
,70,Qatar,"163,197",+460,257 ,,"153,219",+412,"9,721",105,"58,123",92,"1,532,225","545,702","2,807,805 ",Asia,"1710,9252",
,71,Ethiopia,"158,053","+1,006","2,354 ",+14,"134,736",+175,"20,963",377,"1,353",20,"2,128,036","18,217","116,815,749 ",Africa,"73949,62455",
,72,Paraguay,"157,603",,"3,152 ",,"131,461",,"22,990",255,"21,920",438,"744,258","103,514","7,189,916 ",South America,"462,28110",
,73,Nigeria,"155,076",,"1,902 ",,"132,544",,"20,630",10,740,9,"1,489,103","7,109","209,462,655 ",Africa,"1,351110,128141",
,74,Myanmar,"141,890",+15,"3,199  ",+1,"131,454",+19,"7,237",,"2,596",59,"2,489,884","45,561","54,649,361 ",Asia,"38517,08322",
,75,Oman,"140,588",,"1,562 ",,"131,684",,"7,342",68,"27,083",301,"1,550,000","298,590","5,191,067 ",Asia,"373,3233",
,76,Venezuela,"138,295",,"1,338 ",,"130,379",,"6,578",117,"4,872",47,"2,844,236","100,210","28,382,787 ",South America,"20521,21310",
,77,Libya,"132,458",,"2,174 ",,"119,492",,"10,792",,"19,107",314,"721,544","104,082","6,932,442 ",Africa,"523,18910",
,78,Bosnia and Herzegovina,"130,979",,"5,071 ",,"115,847",,"10,061",,"40,087","1,552","661,206","202,369","3,267,336 ",Europe,256445,
,79,Bahrain,"121,127",,444 ,+2,"113,799",,"6,884",71,"69,620",255,"3,064,160","1,761,190","1,739,824 ",Asia,"143,9191",
,80,Algeria,"112,805",,"2,977 ",,"77,842",,"31,986",21,"2,542",67,,,"44,368,007 ",Africa,"39314,904",
,81,Kenya,"105,467",,"1,853 ",,"86,521",,"17,093",61,"1,934",34,"1,289,979","23,651","54,542,863 ",Africa,"51729,43542",
,82,Albania,"105,229",,"1,756 ",,"68,007",,"35,466",46,"36,592",611,"454,624","158,090","2,875,726 ",Europe,"271,6386",
,83,North Macedonia,"102,482",+720,"3,126 ",+7,"91,066",+171,"8,290",124,"49,192","1,500","519,985","249,595","2,083,318 ",Europe,206664,
,84,S. Korea,"89,321",+415,"1,595 ",+10,"80,333",+453,"7,393",142,"1,741",31,"6,627,215","129,190","51,298,245 ",Asia,"57432,1628",
,85,Kyrgyzstan,"86,185",+43,"1,463 ",,"83,127",+66,"1,595",29,"13,069",222,"740,924","112,354","6,594,529 ",Asia,"774,5089",
,86,Latvia,"85,810",+827,"1,614 ",+13,"74,839",+761,"9,357",74,"45,829",862,"1,495,609","798,770","1,872,391 ",Europe,"221,1601",
,87,Sri Lanka,"82,890",+460,464 ,,"78,373",+748,"4,053",,"3,860",22,"2,030,702","94,573","21,472,289 ",Asia,"25946,27611",
,88,Ghana,"82,586",,594 ,,"76,573",,"5,419",150,"2,622",19,"889,632","28,246","31,495,736 ",Africa,"38153,02335",
,89,Uzbekistan,"79,836",+32,622 ,,"78,373",+40,841,28,"2,363",18,"1,377,915","40,783","33,786,497 ",Asia,"42354,31925",
,90,Zambia,"78,202",+563,"1,081 ",+15,"73,609",+974,"3,512",263,"4,178",58,"1,083,026","57,859","18,718,208 ",Africa,"23917,31617",
,91,Montenegro,"75,332",+543,999 ,+5,"65,780",+529,"8,553",68,"119,933","1,590","279,331","444,711","628,118 ",Europe,86292,
,92,Norway,"70,650",+86,622 ,,"63,783",,"6,245",18,"12,966",114,"3,825,778","702,098","5,449,067 ",Europe,"778,7611",
,93,Estonia,"64,399","+1,570",584 ,+9,"49,709","+1,218","14,106",41,"48,525",440,"928,459","699,603","1,327,123 ",Europe,"212,2721",
,94,Singapore,"59,925",+12,29 ,,"59,816",+13,80,1,"10,190",5,"7,290,760","1,239,811","5,880,543 ",Asia,"98202,7771",
,95,El Salvador,"59,866",,"1,847 ",+6,"55,312",,"2,707",43,"9,199",284,"761,858","117,070","6,507,717 ",North America,"1093,5239",
,96,Mozambique,"58,772",+554,630 ,+17,"40,761",+955,"17,381",,"1,847",20,"420,600","13,216","31,823,930 ",Africa,"54150,51476",
,97,Finland,"57,052",+645,742 ,,"46,000","+6,000","10,310",38,"10,286",134,"3,314,197","597,542","5,546,387 ",Europe,"977,4752",
,98,Uruguay,"56,542",,601 ,,"49,012",,"6,929",67,"16,240",173,"1,005,801","288,886","3,481,649 ",South America,"625,7933",
,99,Afghanistan,"55,707",,"2,443 ",,"49,285",,"3,979","1,064","1,410",62,"295,155","7,472","39,499,296 ",Asia,"70916,168134",
,100,Luxembourg,"55,313",+203,637 ,,"51,487",,"3,189",19,"87,433","1,007","2,114,911","3,343,030","632,633 ",Europe,119930,
,101,Cuba,"49,161",+720,318 ,+4,"44,566",+831,"4,277",59,"4,342",28,"2,374,019","209,681","11,322,060 ",North America,"23035,6045",
,102,Uganda,"40,335",+13,334 ,,"14,616",,"25,385",,864,7,"879,037","18,832","46,676,895 ",Africa,"1,157139,75153",
,103,Namibia,"38,642",+218,420 ,+2,"36,220",+226,"2,002",21,"15,030",163,"301,479","117,264","2,570,946 ",Africa,"676,1219",
,104,Zimbabwe,"36,044",,"1,463 ",,"32,539",,"2,042",41,"2,402",98,"337,312","22,481","15,004,449 ",Africa,"41610,25644",
,105,Cameroon,"35,714",,551 ,,"32,594",,"2,569",53,"1,324",20,"149,000","5,524","26,975,619 ",Africa,"75548,958181",
,106,Senegal,"34,255",+224,866 ,+8,"28,611",+234,"4,778",50,"2,011",51,"386,644","22,703","17,030,657 ",Africa,"49719,66644",
,107,Cyprus,"34,181",,231 ,,"2,057",,"31,893",17,"28,176",190,"1,888,026","1,556,326","1,213,130 ",Asia,"355,2521",
,108,Ivory Coast,"32,478",,190 ,,"31,431",,857,,"1,212",7,"417,474","15,576","26,803,128 ",Africa,"825141,06964",
,109,Malawi,"31,675",,"1,037 ",,"18,183",,"12,455",4,"1,628",53,"195,119","10,031","19,451,272 ",Africa,"61418,757100",
,110,Australia,"28,965",+7,909 ,,"26,166",+2,"1,890",,"1,127",35,"14,320,140","557,340","25,693,717 ",Australia/Oceania,"88728,2662",
,111,Botswana,"28,371",,310 ,,"23,244",,"4,817",1,"11,908",130,"805,587","338,114","2,382,590 ",Africa,"847,6863",
,112,Sudan,"28,303",,"1,878 ",,"22,863",,"3,562",,636,42,,,"44,515,697 ",Africa,"1,57323,704",
,113,Thailand,"25,881",+72,83 ,,"25,022",+70,776,1,370,1,"1,217,873","17,419","69,915,243 ",Asia,"2,701842,35257",
,114,DRC,"25,792",+101,707 ,,"18,951",+665,"6,134",,282,8,,,"91,326,674 ",Africa,"3,541129,175",
,115,Jamaica,"22,817",+346,417 ,+4,"13,318",+87,"9,082",20,"7,683",140,"205,746","69,283","2,969,665 ",North America,"1307,12114",
,116,Malta,"22,219",+237,313 ,,"19,255",+168,"2,651",18,"50,233",708,"695,192","1,571,705","442,317 ",Europe,"201,4131",
,117,Angola,"20,759",,504 ,,"19,307",,948,11,619,15,"188,630","5,626","33,528,819 ",Africa,"1,61566,525178",
,118,Madagascar,"19,831",,297 ,,"19,296",,238,23,704,11,"119,608","4,248","28,153,787 ",Africa,"1,42094,794235",
,119,Maldives,"19,479",,61 ,+1,"17,002",,"2,416",162,"35,626",112,"514,619","941,214","546,761 ",Asia,"288,9631",
,120,Rwanda,"18,689",,258 ,,"17,302",,"1,129",11,"1,420",20,"1,000,505","76,020","13,161,044 ",Africa,"70451,01213",
,121,French Polynesia,"18,387",,139 ,,"4,842",,"13,406",6,"65,208",493,"26,355","93,466","281,975 ",Australia/Oceania,"152,02911",
,122,Mauritania,"17,187",,439 ,,"16,534",,214,14,"3,634",93,"171,605","36,287","4,729,081 ",Africa,"27510,77228",
,123,Eswatini,"16,972",,650 ,,"14,241",,"2,081",36,"14,530",556,"151,217","129,462","1,168,039 ",Africa,"691,7978",
,124,Mayotte,"16,861",,107 ,,"2,964",,"13,790",22,"60,849",386,"123,040","444,031","277,098 ",Africa,"162,5902",
,125,French Guiana,"16,627",,85 ,,"9,995",,"6,547",6,"54,746",280,"149,894","493,537","303,714 ",South America,"183,5732",
,126,Guinea,"15,894",,89 ,,"14,879",,926,24,"1,189",7,"137,777","10,309","13,364,176 ",Africa,"841150,15997",
,127,Syria,"15,467",,"1,018 ",,"9,637",,"4,812",,870,57,,,"17,777,245 ",Asia,"1,14917,463",
,128,Cabo Verde,"15,253",,146 ,,"14,754",,353,23,"27,240",261,"120,215","214,691","559,945 ",Africa,"373,8355",
,129,Gabon,"14,564",,83 ,,"13,143",,"1,338",10,"6,444",37,"524,784","232,214","2,259,915 ",Africa,"15527,2284",
,130,Tajikistan,"13,308",,90 ,,"13,218",,0,,"1,375",9,,,"9,677,160 ",Asia,"727107,524",
,131,Haiti,"12,430",,249 ,,"9,679",,"2,502",,"1,081",22,"54,379","4,731","11,493,566 ",North America,"92546,159211",
,132,Réunion,"12,416",,52 ,,"11,270",,"1,094",55,"13,803",58,"98,785","109,821","899,507 ",Africa,"7217,2989",
,133,Belize,"12,293",,315 ,,"11,836",,142,2,"30,554",783,"83,888","208,500","402,340 ",North America,"331,2775",
,134,Burkina Faso,"11,939",,142 ,,"11,404",,393,,561,7,,,"21,275,518 ",Africa,"1,782149,828",
,135,Hong Kong,"10,984",+33,198 ,,"10,519",+26,267,17,"1,457",26,"7,980,942","1,058,916","7,536,900 ",Asia,"68638,0651",
,136,Andorra,"10,849",+27,110 ,,"10,429",+35,310,17,"140,266","1,422","193,595","2,502,974","77,346 ",Europe,77030,
,137,Lesotho,"10,491",,292 ,,"3,745",,"6,454",,"4,872",136,"60,460","28,077","2,153,396 ",Africa,"2057,37536",
,138,Guadeloupe,"9,746",,159 ,,"2,242",,"7,345",6,"24,355",397,"131,178","327,807","400,169 ",North America,"412,5173",
,139,Suriname,"8,913",,170 ,,"8,391",,352,7,"15,105",288,"40,654","68,896","590,080 ",South America,"663,47115",
,140,Congo,"8,820",,128 ,,"7,019",,"1,673",,"1,573",23,"92,500","16,499","5,606,435 ",Africa,"63643,80061",
,141,Bahamas,"8,519",,179 ,,"7,309",,"1,031",2,"21,529",452,"67,841","171,442","395,708 ",North America,"462,2116",
,142,Guyana,"8,513",,195 ,,"7,945",,373,4,"10,789",247,"63,809","80,868","789,047 ",South America,"934,04612",
,143,Mali,"8,358",,350 ,,"6,355",,"1,653",,405,17,"152,035","7,370","20,629,336 ",Africa,"2,46858,941136",
,144,Aruba,"7,849",,71 ,,"7,526",,252,11,"73,311",663,"104,076","972,091","107,064 ",North America,"141,5081",
,145,South Sudan,"7,771",+174,93 ,+3,"4,217",+110,"3,461",8,689,8,"108,767","9,643","11,279,697 ",Africa,"1,452121,287104",
,146,Trinidad and Tobago,"7,704",,139 ,,"7,445",,120,2,"5,493",99,"95,859","68,350","1,402,469 ",North America,"18210,09015",
,147,Togo,"6,730",,82 ,,"5,522",,"1,126",,801,10,"233,875","27,826","8,405,019 ",Africa,"1,249102,50036",
,148,Somalia,"6,687",,223 ,,"3,784",,"2,680",,413,14,,,"16,181,106 ",Africa,"2,42072,561",
,149,Martinique,"6,687",,45 ,,98,,"6,544",2,"17,829",120,"100,913","269,049","375,073 ",North America,"568,3354",
,150,Nicaragua,"6,445",,173 ,,"4,225",,"2,047",,965,26,,,"6,676,181 ",North America,"1,03638,591",
,151,Djibouti,"6,062",,63 ,,"5,894",,105,,"6,078",63,"115,259","115,560","997,398 ",Africa,"16515,8329",
,152,Iceland,"6,049",,29 ,,"6,006",,14,8,"17,651",85,"499,700","1,458,135","342,698 ",Europe,"5711,8171",
,153,Equatorial Guinea,"6,005",+48,91 ,,"5,622",+17,292,24,"4,191",64,"97,933","68,350","1,432,826 ",Africa,"23915,74515",
,154,Benin,"5,434",,70  ,,"4,248",,"1,116",,441,6,"476,511","38,648","12,329,565 ",Africa,"2,269176,13726",
,155,CAR,"5,004",,63 ,,"4,920",,21,2,"1,024",13,"37,104","7,596","4,884,610 ",Africa,"97677,533132",
,156,Niger,"4,740",,172 ,,"4,250",,318,3,191,7,"78,967","3,188","24,772,813 ",Africa,"5,226144,028314",
,157,Curaçao,"4,717",,22 ,,"4,631",,64,1,"28,669",134,"50,286","305,627","164,534 ",North America,"357,4793",
,158,Gambia,"4,691",,148 ,,"4,089",,454,8,"1,906",60,"42,080","17,101","2,460,743 ",Africa,"52516,62758",
,159,Gibraltar,"4,238",+2,93 ,+1,"4,122",,23,3,"125,816","2,761","186,254","5,529,450","33,684 ",Europe,83620,
,160,Channel Islands,"4,034",+1,86 ,,"3,893",,55,1,"23,063",492,"365,480","2,089,484","174,914 ",Europe,"432,0340",
,161,Chad,"3,957",,138 ,,"3,450",,369,,236,8,,,"16,731,743 ",Africa,"4,228121,245",
,162,Sierra Leone,"3,884",,79 ,,"2,612",,"1,193",,481,10,"116,448","14,407","8,082,756 ",Africa,"2,081102,31369",
,163,San Marino,"3,716",+40,74 ,+1,"3,257",+33,385,8,"109,365","2,178","42,306","1,245,100","33,978 ",Europe,94591,
,164,Comoros,"3,558",,144 ,,"3,255",,159,,"4,036",163,,,"881,673 ",Africa,"2486,123",
,165,Saint Lucia,"3,356",,35 ,,"2,912",,409,2,"18,221",190,"30,884","167,685","184,179 ",North America,"555,2626",
,166,Guinea-Bissau,"3,241",,48 ,,"2,597",,596,7,"1,622",24,"51,819","25,932","1,998,274 ",Africa,"61741,63139",
,167,Barbados,"2,994",,33 ,,"2,270",,691,,"10,410",115,"124,392","432,507","287,607 ",North America,"968,7152",
,168,Mongolia,"2,866",+35,2 ,,"2,183",+33,681,8,865,0.6,"1,774,941","535,784","3,312,794 ",Asia,"1,1561,656,3972",
,169,Eritrea,"2,847",,7 ,,"2,253",,587,,796,2,"23,693","6,621","3,578,539 ",Africa,"1,257511,220151",
,170,Seychelles,"2,592",,11 ,,"2,263",,318,,"26,249",111,"5,200","52,660","98,747 ",Africa,"388,97719",
,171,Liechtenstein,"2,566",+2,54 ,,"2,484",,28,3,"67,173","1,414","27,354","716,073","38,200 ",Europe,157071,
,172,Vietnam,"2,432",+6,35 ,,"1,844",+5,553,,25,0.4,"1,997,072","20,396","97,913,128 ",Asia,"40,2602,797,51849",
,173,New Zealand,"2,372",+1,26 ,,"2,280",+2,66,,474,5,"1,701,362","340,130","5,002,100 ",Australia/Oceania,"2,109192,3883",
,174,Yemen,"2,267",,627 ,,"1,434",,206,23,75,21,"17,404",575,"30,253,881 ",Asia,"13,34548,2521,738",
,175,Burundi,"2,143",,3 ,,773,,"1,367",,177,0.2,"90,019","7,427","12,120,463 ",Africa,"5,6564,040,154135",
,176,Turks and Caicos,"2,099",+11,14 ,,"1,870",+23,215,13,"53,738",358,"16,759","429,058","39,060 ",North America,"192,7902",
,177,Sint Maarten,"2,053",,27 ,,"1,993",,33,2,"47,529",625,"19,228","445,144","43,195 ",North America,"211,6002",
,178,Liberia,"2,010",,85 ,,"1,884",,41,2,391,17,"73,267","14,268","5,135,054 ",Africa,"2,55560,41270",
,179,Monaco,"1,942",,23 ,,"1,692",,227,13,"49,258",583,"51,953","1,317,768","39,425 ",Europe,"201,7141",
,180,Sao Tome and Principe,"1,786",+41,28 ,,"1,355",+19,403,,"8,052",126,"11,592","52,260","221,815 ",Africa,"1247,92219",
,181,St. Vincent Grenadines,"1,556",+26,8 ,,932,+19,616,2,"13,996",72,"35,851","322,482","111,172 ",North America,"7113,8973",
,182,Saint Martin,"1,544",,12 ,,"1,399",,133,7,"39,492",307,"21,398","547,305","39,097 ",North America,"253,2582",
,183,Papua New Guinea,"1,228",,12 ,,846,,370,,136,1,"47,490","5,243","9,057,618 ",Australia/Oceania,"7,376754,802191",
,184,Taiwan,954,+3,9 ,,917,+11,28,,40,0.4,"174,435","7,315","23,845,154 ",Asia,"24,9952,649,462137",
,185,Bhutan,867,,1 ,,862,,4,,"1,116",1,"523,430","673,503","777,176 ",Asia,"896777,1761",
,186,Cambodia,767,+26, ,,477,,290,,45,,"468,781","27,787","16,870,373 ",Asia,"21,99536",
,187,Antigua and Barbuda,726,+25,14 ,,291,+20,421,40,"7,373",142,"13,976","141,945","98,461 ",North America,"1367,0337",
,188,Diamond Princess,712,,13 ,,699,,0,,,,,, ,,,
,189,Bermuda,705,,12 ,,682,,11,3,"11,348",193,"174,195","2,803,899","62,126 ",North America,"885,1770",
,190,Faeroe Islands,658,,1 ,,657,,0,,"13,433",20,"230,656","4,708,707","48,985 ",Europe,"7448,9850",
,191,Mauritius,610,,10 ,,571,,29,,479,8,"289,552","227,428","1,273,157 ",Africa,"2,087127,3164",
,192,St. Barth,573,,1 ,,462,,110,,"57,896",101,"17,956","1,814,287","9,897 ",North America,"179,8971",
,193,Tanzania,509,,21 ,,183,,305,7,8,0.3,,,"60,838,511 ",Africa,"119,5262,897,072",
,194,Isle of Man,484,+9,25 ,,410,,49,,"5,672",293,"32,654","382,683","85,329 ",Europe,"1763,4133",
,195,Cayman Islands,444,,2 ,,413,,29,,"6,704",30,"73,596","1,111,252","66,228 ",North America,"14933,1141",
,196,Caribbean Netherlands,429,,4 ,,402,,23,,"16,260",152,"6,520","247,129","26,383 ",North America,"616,5964",
,197,Brunei ,186,+1,3 ,,181,+3,2,,423,7,"100,667","228,671","440,226 ",Asia,"2,367146,7424",
,198,British Virgin Islands,153,,1 ,,131,,21,,"5,039",33,"13,223","435,497","30,363 ",North America,"19830,3632",
,199,Grenada,148,,1 ,,147,,0,,"1,311",9,"20,288","179,753","112,866 ",North America,"763112,8666",
,200,Dominica,142,, ,,127,,15,,"1,969",,"11,519","159,755","72,104 ",North America,5086,
,201,Timor-Leste,111,+1, ,,89,,22,,83,,"21,242","15,914","1,334,830 ",Asia,"12,02563",
,202,Fiji,59,,2 ,,54,,3,,66,2,"30,118","33,438","900,710 ",Australia/Oceania,"15,266450,35530",
,203,New Caledonia,58,, ,,55,,3,,202,,"22,627","78,758","287,298 ",Australia/Oceania,"4,95313",
,204,Falkland Islands,54,, ,,46,,8,,"15,228",,"7,009","1,976,593","3,546 ",South America,661,
,205,Macao,48,, ,,47,,1,,73,,"4,369","6,669","655,128 ",Asia,"13,649150",
,206,Laos,45,, ,,42,,3,,6,,"112,150","15,270","7,344,620 ",Asia,"163,21465",
,207,Saint Kitts and Nevis,41,, ,,40,,1,,767,,"8,790","164,465","53,446 ",North America,"1,3046",
,208,Greenland,30,, ,,30,,0,,528,,"18,924","332,964","56,835 ",North America,"1,8953",
,209,Vatican City,27,, ,,15,,12,,"33,666",,,,802 ,Europe,30,
,210,Saint Pierre Miquelon,24,, ,,16,,8,,"4,156",,"3,729","645,714","5,775 ",North America,2412,
,211,Montserrat,20,,1 ,,13,,6,,"4,005",200,947,"189,628","4,994 ",North America,"2504,9945",
,212,Anguilla,18,, ,,18,,0,,"1,193",,"9,742","645,550","15,091 ",North America,8382,
,213,Solomon Islands,18,, ,,14,,4,,26,,"4,500","6,448","697,841 ",Australia/Oceania,"38,769155",
,214,Western Sahara,10,,1 ,,8,,1,,16,2,,,"606,892 ",Africa,"60,689606,892",
,215,MS Zaandam,9,,2 ,,7,,0,,,,,, ,,,
,216,Wallis and Futuna,9,, ,,7,,2,,810,,"1,202","108,210","11,108 ",Australia/Oceania,"1,2349",
,217,Marshall Islands,4,, ,,4,,0,,67,,,,"59,452 ",Australia/Oceania,"14,863",
,218,Samoa,3,, ,,2,,1,,15,,,,"199,280 ",Australia/Oceania,"66,427",
,219,Micronesia,1,, ,,1,,0,,9,,,,"115,813 ",Australia/Oceania,"115,813",
,220,Vanuatu,1,, ,,1,,0,,3,,470,"1,507","311,817 ",Australia/Oceania,"311,817663",
,221,China,"89,887",+10,"4,636 ",,"85,021",+24,230,1,62,3,"160,000,000","111,163","1,439,323,776 ",Asia,"16,013310,4679",
,,Total:,"33,435,543","+19,244","756,017","+1,094","23,072,460","+10,891","9,607,066","22,014",,,,,,North America, ,,,
,,Total:,"24,919,497","+54,264","397,386",+676,"23,430,592","+46,427","1,091,519","21,831",,,,,,Asia, ,,,
,,Total:,"17,856,132","+5,558","463,826",+108,"16,154,042","+4,873","1,238,264","18,862",,,,,,South America, ,,,
,,Total:,"33,996,853","+111,891","811,002","+2,137","23,519,347","+73,756","9,666,504","25,343",,,,,,Europe, ,,,
,,Total:,"3,910,310","+2,942","103,362",+59,"3,468,969","+3,375","337,979","2,552",,,,,,Africa, ,,,
,,Total:,"51,105",+8,"1,088",,"34,272",,"15,745",6,,,,,,Australia/Oceania, ,,,
,,Total:,721,,15,,706,,0,0,,,,,,, ,,,
,,Total:,"114,170,161","+193,907","2,532,696","+4,074","89,680,388","+139,326","21,957,077","90,608","14,647.0",324.9,,,,All,,,,,
,,North America,,"33,435,543","+19,244","756,017","+1,094","23,072,460","+10,891","9,607,066","22,014",,,,,,North America,,,,
,,Asia,,"24,919,497","+54,264","397,386",+676,"23,430,592","+46,427","1,091,519","21,831",,,,,,Asia,,,,
,,South America,,"17,856,132","+5,558","463,826",+108,"16,154,042","+4,873","1,238,264","18,862",,,,,,South America,,,,
,,Europe,,"33,996,853","+111,891","811,002","+2,137","23,519,347","+73,756","9,666,504","25,343",,,,,,Europe,,,,
,,Africa,,"3,910,310","+2,942","103,362",+59,"3,468,969","+3,375","337,979","2,552",,,,,,Africa,,,,
,,Oceania,,"51,105",+8,"1,088",,"34,272",+4,"15,745",6,,,,,,Australia/Oceania,,,,
,,,,721,,15,,706,,0,0,,,,,,,,,,
,World,"114,170,161","+193,907","2,532,696","+4,074","89,680,388","+139,326","21,957,077","90,608","14,647",324.9,,,,All,,,,
1,USA,"29,143,480","+6,568","523,296 ",+214,"19,534,782",+714,"9,085,402","15,455","87,708","1,575","356,194,003","1,071,976","332,277,970 ",North America,116351
2,India,"11,095,852","+16,758","157,078 ",+108,"10,772,691","+11,552","166,083","8,944","7,989",113,"215,435,383","155,112","1,388,901,219 ",Asia,"1258,8426"
3,Brazil,"10,457,794",,"252,988 ",,"9,355,974",,"848,832","8,318","48,971","1,185","28,600,000","133,925","213,551,580 ",South America,208447
4,Russia,"4,234,720","+11,534","85,743 ",+439,"3,799,406","+16,020","349,571","2,300","29,010",587,"110,600,000","757,660","145,975,683 ",Europe,"341,7021"
5,UK,"4,170,519","+7,434","122,705 ",+290,"2,779,169",,"1,268,645","1,971","61,223","1,801","89,162,545","1,308,897","68,120,388 ",Europe,165551
6,France,"3,712,020",,"86,147 ",,"254,868",,"3,371,005","3,430","56,786","1,318","51,853,607","793,250","65,368,578 ",Europe,187591
7,Spain,"3,188,553",,"69,142 ",,"2,647,446",,"471,965","3,021","68,180","1,478","38,491,517","823,054","46,766,708 ",Europe,156761
8,Italy,"2,907,825","+18,916","97,507 ",+280,"2,398,352","+11,320","411,966","2,216","48,140","1,614","39,875,863","660,161","60,403,209 ",Europe,216192
9,Turkey,"2,683,971",,"28,432 ",,"2,556,785",,"98,754","1,195","31,601",335,"32,939,661","387,827","84,933,885 ",Asia,"322,9873"
10,Germany,"2,437,760","+1,254","70,460 ",+39,"2,243,200","+7,400","124,100","2,848","29,035",839,"43,950,029","523,463","83,960,193 ",Europe,"341,1922"
11,Colombia,"2,244,792",,"59,518 ",,"2,141,874",,"43,400","2,240","43,811","1,162","11,384,738","222,192","51,238,374 ",South America,238615
12,Argentina,"2,098,728",,"51,887 ",,"1,892,834",,"154,007","3,475","46,159","1,141","7,365,796","162,000","45,467,818 ",South America,228766
13,Mexico,"2,076,882","+7,512","184,474 ",+782,"1,625,328","+5,320","267,080","4,798","15,998","1,421","5,414,012","41,704","129,820,722 ",North America,6370424
14,Poland,"1,696,885","+12,100","43,656 ",+303,"1,414,461","+8,909","238,768","1,446","44,868","1,154","9,824,524","259,776","37,819,286 ",Europe,228664
15,Iran,"1,623,159","+7,975","59,980 ",+81,"1,386,534","+6,612","176,645","3,729","19,164",708,"10,797,788","127,488","84,696,825 ",Asia,"521,4128"
16,South Africa,"1,510,778",,"49,784 ",,"1,426,417",,"34,577",546,"25,265",833,"9,028,074","150,975","59,798,322 ",Africa,"401,2017"
17,Ukraine,"1,342,016","+8,172","25,893 ",+151,"1,168,321","+4,766","147,802",177,"30,808",594,"6,845,974","157,161","43,560,183 ",Europe,"321,6826"
18,Indonesia,"1,329,074","+6,208","35,981 ",+195,"1,136,054","+7,382","157,039",,"4,826",131,"10,763,757","39,081","275,419,507 ",Asia,"2077,65526"
19,Peru,"1,316,363",,"46,094 ",,"1,218,409",,"51,860","2,119","39,563","1,385","7,489,096","225,084","33,272,390 ",South America,257224
20,Czechia,"1,227,595","+14,676","20,194 ",+93,"1,064,022",+359,"143,379","1,507","114,492","1,883","7,972,909","743,599","10,722,060 ",Europe,95311
21,Netherlands,"1,084,021","+4,937","15,543 ",+40,N/A,N/A,N/A,518,"63,172",906,"6,970,400","406,205","17,159,826 ",Europe,"161,1042"
22,Canada,"863,515","+2,043","21,944 ",+29,"810,783","+1,744","30,788",567,"22,748",578,"24,205,347","637,666","37,959,267 ",North America,"441,7302"
23,Chile,"821,418","+4,489","20,476 ",+76,"776,955","+4,004","23,987","1,659","42,729","1,065","9,313,533","484,478","19,223,871 ",South America,239392
24,Portugal,"803,844","+1,071","16,276 ",+33,"717,313","+2,820","70,255",492,"78,986","1,599","8,168,147","802,601","10,177,094 ",Europe,136251
25,Romania,"799,164","+3,432","20,287 ",+54,"738,569","+2,549","40,308",997,"41,726","1,059","6,039,706","315,342","19,152,885 ",Europe,249443
26,Israel,"770,780",,"5,697 ",,"725,953",,"39,130",737,"83,802",619,"11,934,829","1,297,604","9,197,590 ",Asia,"121,6141"
27,Belgium,"766,654","+2,769","22,034 ",+28,"52,233",+142,"692,387",369,"65,961","1,896","9,385,939","807,546","11,622,788 ",Europe,155271
28,Iraq,"692,241","+3,543","13,383 ",+18,"632,998","+2,820","45,860",373,"16,962",328,"6,810,718","166,887","40,810,326 ",Asia,"593,0496"
29,Sweden,"657,309",,"12,826 ",,N/A,N/A,N/A,223,"64,819","1,265","5,917,399","583,533","10,140,634 ",Europe,157912
30,Pakistan,"578,797","+1,315","12,837 ",+33,"544,406","+2,013","21,554","1,538","2,587",57,"8,912,918","39,845","223,690,464 ",Asia,"38617,42525"
31,Philippines,"574,247","+2,921","12,289 ",+42,"524,865",+293,"37,093",785,"5,195",111,"8,753,147","79,188","110,535,735 ",Asia,"1928,99513"
32,Switzerland,"554,932",,"9,961 ",,"507,856",,"37,115",180,"63,813","1,145","5,025,401","577,886","8,696,178 ",Europe,168732
33,Bangladesh,"545,831",+407,"8,400 ",+5,"496,107",+609,"41,324",,"3,293",51,"4,030,616","24,315","165,765,220 ",Asia,"30419,73441"
34,Morocco,"482,994",,"8,608 ",,"468,387",,"5,999",306,"12,985",231,"5,634,712","151,482","37,197,142 ",Africa,"774,3217"
35,Austria,"457,317","+2,457","8,538 ",+23,"428,904","+1,647","19,875",264,"50,587",944,"5,341,373","590,849","9,040,165 ",Europe,"201,0592"
36,Serbia,"456,450","+3,210","4,429 ",+15,"400,347",,"51,674",160,"52,380",508,"2,930,139","336,251","8,714,140 ",Europe,"191,9683"
37,Japan,"430,539","+1,067","7,807 ",+85,"408,020","+1,436","14,712",440,"3,411",62,"8,203,285","64,991","126,221,005 ",Asia,"29316,16815"
38,Hungary,"424,130","+4,948","14,902 ",+107,"319,691","+1,792","89,537",482,"43,978","1,545","3,632,712","376,674","9,644,170 ",Europe,236473
39,UAE,"388,594","+3,434","1,213 ",+15,"379,708","+2,171","7,673",,"38,982",122,"30,439,712","3,053,538","9,968,670 ",Asia,"268,2180"
40,Jordan,"386,496","+2,584","4,675 ",+25,"346,287","+2,447","35,534",284,"37,635",455,"4,566,735","444,687","10,269,551 ",Asia,"272,1972"
41,Saudi Arabia,"377,061",+338,"6,488 ",+5,"368,011",+320,"2,562",475,"10,722",184,"13,594,146","386,545","35,168,320 ",Asia,"935,4213"
42,Lebanon,"369,692",,"4,610 ",,"285,050",,"80,032",915,"54,324",677,"2,988,278","439,113","6,805,266 ",Asia,"181,4762"
43,Panama,"339,781",,"5,820 ",,"324,836",,"9,125",195,"77,946","1,335","1,891,638","433,945","4,359,167 ",North America,137492
44,Slovakia,"306,268","+2,848","7,075 ",+109,"255,300",,"43,893",669,"56,079","1,295","2,037,732","373,116","5,461,384 ",Europe,187723
45,Malaysia,"298,315","+2,364","1,121 ",+10,"270,166","+3,320","27,028",190,"9,140",34,"6,138,208","188,072","32,637,502 ",Asia,"10929,1155"
46,Belarus,"285,959","+1,459","1,966 ",+9,"276,234","+1,491","7,759",,"30,269",208,"4,879,018","516,447","9,447,275 ",Europe,"334,8052"
47,Ecuador,"282,599",,"15,713 ",,"238,817",,"28,069",524,"15,860",882,"997,361","55,974","17,818,236 ",South America,"631,13418"
48,Nepal,"274,065",+81,"2,773 ",+2,"270,325",+62,967,,"9,297",94,"2,160,404","73,286","29,478,959 ",Asia,"10810,63114"
49,Georgia,"270,510",+373,"3,499 ",+14,"264,589",+542,"2,422",,"67,897",878,"2,684,212","673,728","3,984,117 ",Asia,"151,1391"
50,Bolivia,"247,891","+1,069","11,609 ",+32,"191,950",+869,"44,332",71,"21,048",986,"712,706","60,516","11,777,226 ",South America,"481,01417"
51,Bulgaria,"245,627",,"10,128 ",,"203,494",,"32,005",378,"35,527","1,465","1,654,270","239,268","6,913,867 ",Europe,286834
52,Croatia,"242,617",+520,"5,511 ",+8,"233,890",+342,"3,216",75,"59,341","1,348","1,338,842","327,462","4,088,541 ",Europe,177423
53,Dominican Republic,"239,009",+804,"3,093 ",+11,"190,295","+1,132","45,621",219,"21,889",283,"1,203,441","110,213","10,919,236 ",North America,"463,5309"
54,Azerbaijan,"234,267",+278,"3,218 ",+5,"228,651",+172,"2,398",,"22,969",316,"2,591,235","254,064","10,199,129 ",Asia,"443,1694"
55,Tunisia,"231,964",,"7,942 ",,"196,945",,"27,077",268,"19,493",667,"972,664","81,739","11,899,686 ",Africa,"511,49812"
56,Ireland,"218,251",,"4,300 ",,"23,364",,"190,587",135,"43,879",865,"3,505,314","704,737","4,973,929 ",Europe,"231,1571"
57,Kazakhstan,"212,018",+806,"2,540 ",,"195,752",+631,"13,726",221,"11,204",134,"7,419,449","392,069","18,923,820 ",Asia,"897,4503"
58,Denmark,"210,732",+520,"2,358 ",+5,"201,848",+317,"6,526",44,"36,298",406,"16,864,538","2,904,865","5,805,619 ",Europe,"282,4620"
59,Costa Rica,"204,341",,"2,800 ",,"177,099",,"24,442",147,"39,874",546,"669,685","130,680","5,124,632 ",North America,"251,8308"
60,Lithuania,"197,343",+626,"3,234 ",+8,"183,324","+1,061","10,785",153,"73,168","1,199","2,115,119","784,217","2,697,111 ",Europe,148341
61,Kuwait,"189,890",+844,"1,078 ",+6,"178,197","+1,064","10,615",158,"44,039",250,"1,778,076","412,367","4,311,878 ",Asia,"234,0002"
62,Greece,"189,831","+1,630","6,468 ",+29,"165,718",,"17,645",377,"18,272",623,"5,209,532","501,426","10,389,436 ",Europe,"551,6062"
63,Slovenia,"189,627",+948,"3,836 ",+13,"175,210","+3,305","10,581",95,"91,205","1,845","909,750","437,564","2,079,126 ",Europe,115422
64,Moldova,"184,856","+1,518","3,924 ",+25,"165,489",+601,"15,443",317,"45,895",974,"715,492","177,639","4,027,779 ",Europe,"221,0266"
65,Palestine,"181,909","+1,061","2,025 ",+6,"166,119",+914,"13,765",110,"35,127",391,"1,159,257","223,855","5,178,613 ",Asia,"282,5574"
66,Egypt,"181,241",,"10,590 ",,"139,927",,"30,724",90,"1,750",102,"1,000,000","9,653","103,593,955 ",Africa,"5729,782104"
67,Guatemala,"174,335",+521,"6,374 ",+26,"161,129",+553,"6,832",5,"9,615",352,"916,369","50,539","18,131,879 ",North America,"1042,84520"
68,Armenia,"171,793",+283,"3,190 ",+7,"163,309",+144,"5,294",,"57,903","1,075","724,606","244,231","2,966,889 ",Asia,179304
69,Honduras,"168,911",+668,"4,117 ",+18,"65,873",+448,"98,921",411,"16,878",411,"443,500","44,316","10,007,574 ",North America,"592,43123"
70,Qatar,"163,197",+460,257 ,,"153,219",+412,"9,721",105,"58,123",92,"1,532,225","545,702","2,807,805 ",Asia,"1710,9252"
71,Ethiopia,"158,053","+1,006","2,354 ",+14,"134,736",+175,"20,963",377,"1,353",20,"2,128,036","18,217","116,815,749 ",Africa,"73949,62455"
72,Paraguay,"157,603",,"3,152 ",,"131,461",,"22,990",255,"21,920",438,"744,258","103,514","7,189,916 ",South America,"462,28110"
73,Nigeria,"155,076",,"1,902 ",,"132,544",,"20,630",10,740,9,"1,489,103","7,109","209,462,655 ",Africa,"1,351110,128141"
74,Myanmar,"141,890",+15,"3,199  ",+1,"131,454",+19,"7,237",,"2,596",59,"2,489,884","45,561","54,649,361 ",Asia,"38517,08322"
75,Oman,"140,588",,"1,562 ",,"131,684",,"7,342",68,"27,083",301,"1,550,000","298,590","5,191,067 ",Asia,"373,3233"
76,Venezuela,"138,295",,"1,338 ",,"130,379",,"6,578",117,"4,872",47,"2,844,236","100,210","28,382,787 ",South America,"20521,21310"
77,Libya,"132,458",,"2,174 ",,"119,492",,"10,792",,"19,107",314,"721,544","104,082","6,932,442 ",Africa,"523,18910"
78,Bosnia and Herzegovina,"130,979",,"5,071 ",,"115,847",,"10,061",,"40,087","1,552","661,206","202,369","3,267,336 ",Europe,256445
79,Bahrain,"121,127",,444 ,+2,"113,799",,"6,884",71,"69,620",255,"3,064,160","1,761,190","1,739,824 ",Asia,"143,9191"
80,Algeria,"112,805",,"2,977 ",,"77,842",,"31,986",21,"2,542",67,,,"44,368,007 ",Africa,"39314,904"
81,Kenya,"105,467",,"1,853 ",,"86,521",,"17,093",61,"1,934",34,"1,289,979","23,651","54,542,863 ",Africa,"51729,43542"
82,Albania,"105,229",,"1,756 ",,"68,007",,"35,466",46,"36,592",611,"454,624","158,090","2,875,726 ",Europe,"271,6386"
83,North Macedonia,"102,482",+720,"3,126 ",+7,"91,066",+171,"8,290",124,"49,192","1,500","519,985","249,595","2,083,318 ",Europe,206664
84,S. Korea,"89,321",+415,"1,595 ",+10,"80,333",+453,"7,393",142,"1,741",31,"6,627,215","129,190","51,298,245 ",Asia,"57432,1628"
85,Kyrgyzstan,"86,185",+43,"1,463 ",,"83,127",+66,"1,595",29,"13,069",222,"740,924","112,354","6,594,529 ",Asia,"774,5089"
86,Latvia,"85,810",+827,"1,614 ",+13,"74,839",+761,"9,357",74,"45,829",862,"1,495,609","798,770","1,872,391 ",Europe,"221,1601"
87,Sri Lanka,"82,890",+460,464 ,,"78,373",+748,"4,053",,"3,860",22,"2,030,702","94,573","21,472,289 ",Asia,"25946,27611"
88,Ghana,"82,586",,594 ,,"76,573",,"5,419",150,"2,622",19,"889,632","28,246","31,495,736 ",Africa,"38153,02335"
89,Uzbekistan,"79,836",+32,622 ,,"78,373",+40,841,28,"2,363",18,"1,377,915","40,783","33,786,497 ",Asia,"42354,31925"
90,Zambia,"78,202",+563,"1,081 ",+15,"73,609",+974,"3,512",263,"4,178",58,"1,083,026","57,859","18,718,208 ",Africa,"23917,31617"
91,Montenegro,"75,332",+543,999 ,+5,"65,780",+529,"8,553",68,"119,933","1,590","279,331","444,711","628,118 ",Europe,86292
92,Norway,"70,650",+86,622 ,,"63,783",,"6,245",18,"12,966",114,"3,825,778","702,098","5,449,067 ",Europe,"778,7611"
93,Estonia,"64,399","+1,570",584 ,+9,"49,709","+1,218","14,106",41,"48,525",440,"928,459","699,603","1,327,123 ",Europe,"212,2721"
94,Singapore,"59,925",+12,29 ,,"59,816",+13,80,1,"10,190",5,"7,290,760","1,239,811","5,880,543 ",Asia,"98202,7771"
95,El Salvador,"59,866",,"1,847 ",+6,"55,312",,"2,707",43,"9,199",284,"761,858","117,070","6,507,717 ",North America,"1093,5239"
96,Mozambique,"58,772",+554,630 ,+17,"40,761",+955,"17,381",,"1,847",20,"420,600","13,216","31,823,930 ",Africa,"54150,51476"
97,Finland,"57,052",+645,742 ,,"46,000","+6,000","10,310",38,"10,286",134,"3,314,197","597,542","5,546,387 ",Europe,"977,4752"
98,Uruguay,"56,542",,601 ,,"49,012",,"6,929",67,"16,240",173,"1,005,801","288,886","3,481,649 ",South America,"625,7933"
99,Afghanistan,"55,707",,"2,443 ",,"49,285",,"3,979","1,064","1,410",62,"295,155","7,472","39,499,296 ",Asia,"70916,168134"
100,Luxembourg,"55,313",+203,637 ,,"51,487",,"3,189",19,"87,433","1,007","2,114,911","3,343,030","632,633 ",Europe,119930
101,Cuba,"49,161",+720,318 ,+4,"44,566",+831,"4,277",59,"4,342",28,"2,374,019","209,681","11,322,060 ",North America,"23035,6045"
102,Uganda,"40,335",+13,334 ,,"14,616",,"25,385",,864,7,"879,037","18,832","46,676,895 ",Africa,"1,157139,75153"
103,Namibia,"38,642",+218,420 ,+2,"36,220",+226,"2,002",21,"15,030",163,"301,479","117,264","2,570,946 ",Africa,"676,1219"
104,Zimbabwe,"36,044",,"1,463 ",,"32,539",,"2,042",41,"2,402",98,"337,312","22,481","15,004,449 ",Africa,"41610,25644"
105,Cameroon,"35,714",,551 ,,"32,594",,"2,569",53,"1,324",20,"149,000","5,524","26,975,619 ",Africa,"75548,958181"
106,Senegal,"34,255",+224,866 ,+8,"28,611",+234,"4,778",50,"2,011",51,"386,644","22,703","17,030,657 ",Africa,"49719,66644"
107,Cyprus,"34,181",,231 ,,"2,057",,"31,893",17,"28,176",190,"1,888,026","1,556,326","1,213,130 ",Asia,"355,2521"
108,Ivory Coast,"32,478",,190 ,,"31,431",,857,,"1,212",7,"417,474","15,576","26,803,128 ",Africa,"825141,06964"
109,Malawi,"31,675",,"1,037 ",,"18,183",,"12,455",4,"1,628",53,"195,119","10,031","19,451,272 ",Africa,"61418,757100"
110,Australia,"28,965",+7,909 ,,"26,166",+2,"1,890",,"1,127",35,"14,320,140","557,340","25,693,717 ",Australia/Oceania,"88728,2662"
111,Botswana,"28,371",,310 ,,"23,244",,"4,817",1,"11,908",130,"805,587","338,114","2,382,590 ",Africa,"847,6863"
112,Sudan,"28,303",,"1,878 ",,"22,863",,"3,562",,636,42,,,"44,515,697 ",Africa,"1,57323,704"
113,Thailand,"25,881",+72,83 ,,"25,022",+70,776,1,370,1,"1,217,873","17,419","69,915,243 ",Asia,"2,701842,35257"
114,DRC,"25,792",+101,707 ,,"18,951",+665,"6,134",,282,8,,,"91,326,674 ",Africa,"3,541129,175"
115,Jamaica,"22,817",+346,417 ,+4,"13,318",+87,"9,082",20,"7,683",140,"205,746","69,283","2,969,665 ",North America,"1307,12114"
116,Malta,"22,219",+237,313 ,,"19,255",+168,"2,651",18,"50,233",708,"695,192","1,571,705","442,317 ",Europe,"201,4131"
117,Angola,"20,759",,504 ,,"19,307",,948,11,619,15,"188,630","5,626","33,528,819 ",Africa,"1,61566,525178"
118,Madagascar,"19,831",,297 ,,"19,296",,238,23,704,11,"119,608","4,248","28,153,787 ",Africa,"1,42094,794235"
119,Maldives,"19,479",,61 ,+1,"17,002",,"2,416",162,"35,626",112,"514,619","941,214","546,761 ",Asia,"288,9631"
120,Rwanda,"18,689",,258 ,,"17,302",,"1,129",11,"1,420",20,"1,000,505","76,020","13,161,044 ",Africa,"70451,01213"
121,French Polynesia,"18,387",,139 ,,"4,842",,"13,406",6,"65,208",493,"26,355","93,466","281,975 ",Australia/Oceania,"152,02911"
122,Mauritania,"17,187",,439 ,,"16,534",,214,14,"3,634",93,"171,605","36,287","4,729,081 ",Africa,"27510,77228"
123,Eswatini,"16,972",,650 ,,"14,241",,"2,081",36,"14,530",556,"151,217","129,462","1,168,039 ",Africa,"691,7978"
124,Mayotte,"16,861",,107 ,,"2,964",,"13,790",22,"60,849",386,"123,040","444,031","277,098 ",Africa,"162,5902"
125,French Guiana,"16,627",,85 ,,"9,995",,"6,547",6,"54,746",280,"149,894","493,537","303,714 ",South America,"183,5732"
126,Guinea,"15,894",,89 ,,"14,879",,926,24,"1,189",7,"137,777","10,309","13,364,176 ",Africa,"841150,15997"
127,Syria,"15,467",,"1,018 ",,"9,637",,"4,812",,870,57,,,"17,777,245 ",Asia,"1,14917,463"
128,Cabo Verde,"15,253",,146 ,,"14,754",,353,23,"27,240",261,"120,215","214,691","559,945 ",Africa,"373,8355"
129,Gabon,"14,564",,83 ,,"13,143",,"1,338",10,"6,444",37,"524,784","232,214","2,259,915 ",Africa,"15527,2284"
130,Tajikistan,"13,308",,90 ,,"13,218",,0,,"1,375",9,,,"9,677,160 ",Asia,"727107,524"
131,Haiti,"12,430",,249 ,,"9,679",,"2,502",,"1,081",22,"54,379","4,731","11,493,566 ",North America,"92546,159211"
132,Réunion,"12,416",,52 ,,"11,270",,"1,094",55,"13,803",58,"98,785","109,821","899,507 ",Africa,"7217,2989"
133,Belize,"12,293",,315 ,,"11,836",,142,2,"30,554",783,"83,888","208,500","402,340 ",North America,"331,2775"
134,Burkina Faso,"11,939",,142 ,,"11,404",,393,,561,7,,,"21,275,518 ",Africa,"1,782149,828"
135,Hong Kong,"10,984",+33,198 ,,"10,519",+26,267,17,"1,457",26,"7,980,942","1,058,916","7,536,900 ",Asia,"68638,0651"
136,Andorra,"10,849",+27,110 ,,"10,429",+35,310,17,"140,266","1,422","193,595","2,502,974","77,346 ",Europe,77030
137,Lesotho,"10,491",,292 ,,"3,745",,"6,454",,"4,872",136,"60,460","28,077","2,153,396 ",Africa,"2057,37536"
138,Guadeloupe,"9,746",,159 ,,"2,242",,"7,345",6,"24,355",397,"131,178","327,807","400,169 ",North America,"412,5173"
139,Suriname,"8,913",,170 ,,"8,391",,352,7,"15,105",288,"40,654","68,896","590,080 ",South America,"663,47115"
140,Congo,"8,820",,128 ,,"7,019",,"1,673",,"1,573",23,"92,500","16,499","5,606,435 ",Africa,"63643,80061"
141,Bahamas,"8,519",,179 ,,"7,309",,"1,031",2,"21,529",452,"67,841","171,442","395,708 ",North America,"462,2116"
142,Guyana,"8,513",,195 ,,"7,945",,373,4,"10,789",247,"63,809","80,868","789,047 ",South America,"934,04612"
143,Mali,"8,358",,350 ,,"6,355",,"1,653",,405,17,"152,035","7,370","20,629,336 ",Africa,"2,46858,941136"
144,Aruba,"7,849",,71 ,,"7,526",,252,11,"73,311",663,"104,076","972,091","107,064 ",North America,"141,5081"
145,South Sudan,"7,771",+174,93 ,+3,"4,217",+110,"3,461",8,689,8,"108,767","9,643","11,279,697 ",Africa,"1,452121,287104"
146,Trinidad and Tobago,"7,704",,139 ,,"7,445",,120,2,"5,493",99,"95,859","68,350","1,402,469 ",North America,"18210,09015"
147,Togo,"6,730",,82 ,,"5,522",,"1,126",,801,10,"233,875","27,826","8,405,019 ",Africa,"1,249102,50036"
148,Somalia,"6,687",,223 ,,"3,784",,"2,680",,413,14,,,"16,181,106 ",Africa,"2,42072,561"
149,Martinique,"6,687",,45 ,,98,,"6,544",2,"17,829",120,"100,913","269,049","375,073 ",North America,"568,3354"
150,Nicaragua,"6,445",,173 ,,"4,225",,"2,047",,965,26,,,"6,676,181 ",North America,"1,03638,591"
151,Djibouti,"6,062",,63 ,,"5,894",,105,,"6,078",63,"115,259","115,560","997,398 ",Africa,"16515,8329"
152,Iceland,"6,049",,29 ,,"6,006",,14,8,"17,651",85,"499,700","1,458,135","342,698 ",Europe,"5711,8171"
153,Equatorial Guinea,"6,005",+48,91 ,,"5,622",+17,292,24,"4,191",64,"97,933","68,350","1,432,826 ",Africa,"23915,74515"
154,Benin,"5,434",,70  ,,"4,248",,"1,116",,441,6,"476,511","38,648","12,329,565 ",Africa,"2,269176,13726"
155,CAR,"5,004",,63 ,,"4,920",,21,2,"1,024",13,"37,104","7,596","4,884,610 ",Africa,"97677,533132"
156,Niger,"4,740",,172 ,,"4,250",,318,3,191,7,"78,967","3,188","24,772,813 ",Africa,"5,226144,028314"
157,Curaçao,"4,717",,22 ,,"4,631",,64,1,"28,669",134,"50,286","305,627","164,534 ",North America,"357,4793"
158,Gambia,"4,691",,148 ,,"4,089",,454,8,"1,906",60,"42,080","17,101","2,460,743 ",Africa,"52516,62758"
159,Gibraltar,"4,238",+2,93 ,+1,"4,122",,23,3,"125,816","2,761","186,254","5,529,450","33,684 ",Europe,83620
160,Channel Islands,"4,034",+1,86 ,,"3,893",,55,1,"23,063",492,"365,480","2,089,484","174,914 ",Europe,"432,0340"
161,Chad,"3,957",,138 ,,"3,450",,369,,236,8,,,"16,731,743 ",Africa,"4,228121,245"
162,Sierra Leone,"3,884",,79 ,,"2,612",,"1,193",,481,10,"116,448","14,407","8,082,756 ",Africa,"2,081102,31369"
163,San Marino,"3,716",+40,74 ,+1,"3,257",+33,385,8,"109,365","2,178","42,306","1,245,100","33,978 ",Europe,94591
164,Comoros,"3,558",,144 ,,"3,255",,159,,"4,036",163,,,"881,673 ",Africa,"2486,123"
165,Saint Lucia,"3,356",,35 ,,"2,912",,409,2,"18,221",190,"30,884","167,685","184,179 ",North America,"555,2626"
166,Guinea-Bissau,"3,241",,48 ,,"2,597",,596,7,"1,622",24,"51,819","25,932","1,998,274 ",Africa,"61741,63139"
167,Barbados,"2,994",,33 ,,"2,270",,691,,"10,410",115,"124,392","432,507","287,607 ",North America,"968,7152"
168,Mongolia,"2,866",+35,2 ,,"2,183",+33,681,8,865,0.6,"1,774,941","535,784","3,312,794 ",Asia,"1,1561,656,3972"
169,Eritrea,"2,847",,7 ,,"2,253",,587,,796,2,"23,693","6,621","3,578,539 ",Africa,"1,257511,220151"
170,Seychelles,"2,592",,11 ,,"2,263",,318,,"26,249",111,"5,200","52,660","98,747 ",Africa,"388,97719"
171,Liechtenstein,"2,566",+2,54 ,,"2,484",,28,3,"67,173","1,414","27,354","716,073","38,200 ",Europe,157071
172,Vietnam,"2,432",+6,35 ,,"1,844",+5,553,,25,0.4,"1,997,072","20,396","97,913,128 ",Asia,"40,2602,797,51849"
173,New Zealand,"2,372",+1,26 ,,"2,280",+2,66,,474,5,"1,701,362","340,130","5,002,100 ",Australia/Oceania,"2,109192,3883"
174,Yemen,"2,267",,627 ,,"1,434",,206,23,75,21,"17,404",575,"30,253,881 ",Asia,"13,34548,2521,738"
175,Burundi,"2,143",,3 ,,773,,"1,367",,177,0.2,"90,019","7,427","12,120,463 ",Africa,"5,6564,040,154135"
176,Turks and Caicos,"2,099",+11,14 ,,"1,870",+23,215,13,"53,738",358,"16,759","429,058","39,060 ",North America,"192,7902"
177,Sint Maarten,"2,053",,27 ,,"1,993",,33,2,"47,529",625,"19,228","445,144","43,195 ",North America,"211,6002"
178,Liberia,"2,010",,85 ,,"1,884",,41,2,391,17,"73,267","14,268","5,135,054 ",Africa,"2,55560,41270"
179,Monaco,"1,942",,23 ,,"1,692",,227,13,"49,258",583,"51,953","1,317,768","39,425 ",Europe,"201,7141"
180,Sao Tome and Principe,"1,786",+41,28 ,,"1,355",+19,403,,"8,052",126,"11,592","52,260","221,815 ",Africa,"1247,92219"
181,St. Vincent Grenadines,"1,556",+26,8 ,,932,+19,616,2,"13,996",72,"35,851","322,482","111,172 ",North America,"7113,8973"
182,Saint Martin,"1,544",,12 ,,"1,399",,133,7,"39,492",307,"21,398","547,305","39,097 ",North America,"253,2582"
183,Papua New Guinea,"1,228",,12 ,,846,,370,,136,1,"47,490","5,243","9,057,618 ",Australia/Oceania,"7,376754,802191"
184,Taiwan,954,+3,9 ,,917,+11,28,,40,0.4,"174,435","7,315","23,845,154 ",Asia,"24,9952,649,462137"
185,Bhutan,867,,1 ,,862,,4,,"1,116",1,"523,430","673,503","777,176 ",Asia,"896777,1761"
186,Cambodia,767,+26, ,,477,,290,,45,,"468,781","27,787","16,870,373 ",Asia,"21,99536"
187,Antigua and Barbuda,726,+25,14 ,,291,+20,421,40,"7,373",142,"13,976","141,945","98,461 ",North America,"1367,0337"
188,Diamond Princess,712,,13 ,,699,,0,,,,,, ,,
189,Bermuda,705,,12 ,,682,,11,3,"11,348",193,"174,195","2,803,899","62,126 ",North America,"885,1770"
190,Faeroe Islands,658,,1 ,,657,,0,,"13,433",20,"230,656","4,708,707","48,985 ",Europe,"7448,9850"
191,Mauritius,610,,10 ,,571,,29,,479,8,"289,552","227,428","1,273,157 ",Africa,"2,087127,3164"
192,St. Barth,573,,1 ,,462,,110,,"57,896",101,"17,956","1,814,287","9,897 ",North America,"179,8971"
193,Tanzania,509,,21 ,,183,,305,7,8,0.3,,,"60,838,511 ",Africa,"119,5262,897,072"
194,Isle of Man,484,+9,25 ,,410,,49,,"5,672",293,"32,654","382,683","85,329 ",Europe,"1763,4133"
195,Cayman Islands,444,,2 ,,413,,29,,"6,704",30,"73,596","1,111,252","66,228 ",North America,"14933,1141"
196,Caribbean Netherlands,429,,4 ,,402,,23,,"16,260",152,"6,520","247,129","26,383 ",North America,"616,5964"
197,Brunei ,186,+1,3 ,,181,+3,2,,423,7,"100,667","228,671","440,226 ",Asia,"2,367146,7424"
198,British Virgin Islands,153,,1 ,,131,,21,,"5,039",33,"13,223","435,497","30,363 ",North America,"19830,3632"
199,Grenada,148,,1 ,,147,,0,,"1,311",9,"20,288","179,753","112,866 ",North America,"763112,8666"
200,Dominica,142,, ,,127,,15,,"1,969",,"11,519","159,755","72,104 ",North America,5086
201,Timor-Leste,111,+1, ,,89,,22,,83,,"21,242","15,914","1,334,830 ",Asia,"12,02563"
202,Fiji,59,,2 ,,54,,3,,66,2,"30,118","33,438","900,710 ",Australia/Oceania,"15,266450,35530"
203,New Caledonia,58,, ,,55,,3,,202,,"22,627","78,758","287,298 ",Australia/Oceania,"4,95313"
204,Falkland Islands,54,, ,,46,,8,,"15,228",,"7,009","1,976,593","3,546 ",South America,661
205,Macao,48,, ,,47,,1,,73,,"4,369","6,669","655,128 ",Asia,"13,649150"
206,Laos,45,, ,,42,,3,,6,,"112,150","15,270","7,344,620 ",Asia,"163,21465"
207,Saint Kitts and Nevis,41,, ,,40,,1,,767,,"8,790","164,465","53,446 ",North America,"1,3046"
208,Greenland,30,, ,,30,,0,,528,,"18,924","332,964","56,835 ",North America,"1,8953"
209,Vatican City,27,, ,,15,,12,,"33,666",,,,802 ,Europe,30
210,Saint Pierre Miquelon,24,, ,,16,,8,,"4,156",,"3,729","645,714","5,775 ",North America,2412
211,Montserrat,20,,1 ,,13,,6,,"4,005",200,947,"189,628","4,994 ",North America,"2504,9945"
212,Anguilla,18,, ,,18,,0,,"1,193",,"9,742","645,550","15,091 ",North America,8382
213,Solomon Islands,18,, ,,14,,4,,26,,"4,500","6,448","697,841 ",Australia/Oceania,"38,769155"
214,Western Sahara,10,,1 ,,8,,1,,16,2,,,"606,892 ",Africa,"60,689606,892"
215,MS Zaandam,9,,2 ,,7,,0,,,,,, ,,
216,Wallis and Futuna,9,, ,,7,,2,,810,,"1,202","108,210","11,108 ",Australia/Oceania,"1,2349"
217,Marshall Islands,4,, ,,4,,0,,67,,,,"59,452 ",Australia/Oceania,"14,863"
218,Samoa,3,, ,,2,,1,,15,,,,"199,280 ",Australia/Oceania,"66,427"
219,Micronesia,1,, ,,1,,0,,9,,,,"115,813 ",Australia/Oceania,"115,813"
220,Vanuatu,1,, ,,1,,0,,3,,470,"1,507","311,817 ",Australia/Oceania,"311,817663"
221,China,"89,887",+10,"4,636 ",,"85,021",+24,230,1,62,3,"160,000,000","111,163","1,439,323,776 ",Asia,"16,013310,4679"
,Total:,"33,435,543","+19,244","756,017","+1,094","23,072,460","+10,891","9,607,066","22,014",,,,,,North America, ,,
,Total:,"24,919,497","+54,264","397,386",+676,"23,430,592","+46,427","1,091,519","21,831",,,,,,Asia, ,,
,Total:,"17,856,132","+5,558","463,826",+108,"16,154,042","+4,873","1,238,264","18,862",,,,,,South America, ,,
,Total:,"33,996,853","+111,891","811,002","+2,137","23,519,347","+73,756","9,666,504","25,343",,,,,,Europe, ,,
,Total:,"3,910,310","+2,942","103,362",+59,"3,468,969","+3,375","337,979","2,552",,,,,,Africa, ,,
,,North America,,"33,504,423","+8,089","758,226",+807,"23,176,861","+5,248","9,569,336","21,638",,,,,,North America,,,,
,,Asia,,"24,938,677","+2,657","397,583",+31,"23,450,243","+3,938","1,090,851","21,862",,,,,,Asia,,,,
,,South America,,"17,936,527",+656,"465,612",+19,"16,204,452",+603,"1,266,463","18,928",,,,,,South America,,,,
,,Europe,,"34,030,247",,"811,393",,"23,589,003",,"9,629,851","25,346",,,,,,Europe,,,,
,,Africa,,"3,915,198",,"103,643",,"3,475,121",,"336,434","2,528",,,,,,Africa,,,,
,,Oceania,,"51,161",+9,"1,088",,"34,279",+7,"15,794",6,,,,,,Australia/Oceania,,,,
,,,,721,,15,,706,,0,0,,,,,,,,,,
,World,"114,376,954","+11,411","2,537,560",+857,"89,930,665","+9,796","21,908,729","90,308","14,673",325.5,,,,All,,,,
1,USA,"29,202,824",,"524,669 ",,"19,632,523",,"9,045,632","15,084","87,885","1,579","357,707,996","1,076,515","332,283,263 ",North America,116331
2,India,"11,096,731",+291,"157,087 ",,"10,775,169","+1,894","164,475","8,944","7,989",113,"215,435,383","155,108","1,388,938,259 ",Asia,"1258,8426"
3,Brazil,"10,517,232",,"254,263 ",,"9,386,440",,"876,529","8,318","49,248","1,191","28,600,000","133,923","213,555,702 ",South America,208407
4,Russia,"4,234,720",,"85,743 ",,"3,799,406",,"349,571","2,300","29,010",587,"110,600,000","757,660","145,975,854 ",Europe,"341,7021"
5,UK,"4,170,519",,"122,705 ",,"2,846,208",,"1,201,606","1,971","61,222","1,801","89,162,545","1,308,878","68,121,360 ",Europe,165551
6,France,"3,736,016",,"86,332 ",,"254,868",,"3,394,816","3,430","57,153","1,321","51,853,607","793,245","65,368,972 ",Europe,177571
7,Spain,"3,188,553",,"69,142 ",,"2,647,446",,"471,965","3,021","68,180","1,478","38,491,517","823,053","46,766,757 ",Europe,156761
8,Italy,"2,907,825",,"97,507 ",,"2,398,352",,"411,966","2,216","48,140","1,614","39,875,863","660,164","60,402,967 ",Europe,216192
9,Turkey,"2,693,164",,"28,503 ",,"2,565,723",,"98,938","1,187","31,708",336,"33,065,377","389,296","84,936,363 ",Asia,"322,9803"
10,Germany,"2,444,177",,"70,589 ",,"2,243,200",,"130,388","2,848","29,111",841,"43,950,029","523,458","83,960,923 ",Europe,"341,1892"
11,Colombia,"2,248,135",,"59,660 ",,"2,145,450",,"43,025","2,240","43,875","1,164","11,427,482","223,019","51,239,855 ",South America,238594
12,Argentina,"2,104,197",,"51,946 ",,"1,899,087",,"153,164","3,494","46,278","1,142","7,405,891","162,878","45,468,950 ",South America,228756
13,Mexico,"2,084,128","+7,246","185,257 ",+783,"1,630,002","+4,674","268,869","4,798","16,053","1,427","5,443,167","41,927","129,824,421 ",North America,6270124
14,Poland,"1,696,885",,"43,656 ",,"1,414,461",,"238,768","1,446","44,868","1,154","9,824,524","259,776","37,819,173 ",Europe,228664
15,Iran,"1,623,159",,"59,980 ",,"1,386,534",,"176,645","3,729","19,164",708,"10,797,788","127,483","84,699,762 ",Asia,"521,4128"
16,South Africa,"1,512,225",,"49,941 ",,"1,429,047",,"33,237",546,"25,288",835,"9,054,643","151,415","59,800,365 ",Africa,"401,1977"
17,Ukraine,"1,342,016",,"25,893 ",,"1,168,321",,"147,802",177,"30,809",594,"6,845,974","157,164","43,559,469 ",Europe,"321,6826"
18,Indonesia,"1,329,074",,"35,981 ",,"1,136,054",,"157,039",,"4,825",131,"10,763,757","39,080","275,427,405 ",Asia,"2077,65526"
19,Peru,"1,323,863",,"46,299 ",,"1,225,994",,"51,570","2,141","39,787","1,391","7,541,959","226,665","33,273,645 ",South America,257194
20,Czechia,"1,227,595",,"20,194 ",,"1,064,022",,"143,379","1,507","114,492","1,883","7,972,909","743,595","10,722,114 ",Europe,95311
21,Netherlands,"1,084,021",,"15,543 ",,N/A,N/A,N/A,518,"63,172",906,"6,970,400","406,202","17,159,930 ",Europe,"161,1042"
22,Canada,"864,196",,"21,960 ",,"811,372",,"30,864",567,"22,766",579,"24,328,440","640,894","37,960,170 ",North America,"441,7292"
23,Chile,"821,418",,"20,476 ",,"776,955",,"23,987","1,659","42,728","1,065","9,313,533","484,466","19,224,319 ",South America,239392
24,Portugal,"803,844",,"16,276 ",,"717,313",,"70,255",492,"78,986","1,599","8,200,169","805,754","10,177,013 ",Europe,136251
25,Romania,"799,164",,"20,287 ",,"738,569",,"40,308",997,"41,726","1,059","6,039,706","315,348","19,152,536 ",Europe,249443
26,Israel,"773,335",,"5,732 ",,"727,802",,"39,801",760,"84,080",623,"11,934,829","1,297,604","9,197,590 ",Asia,"121,6051"
27,Belgium,"766,654",,"22,034 ",,"52,233",,"692,387",369,"65,960","1,896","9,385,939","807,537","11,622,926 ",Europe,155271
28,Iraq,"692,241",,"13,383 ",,"632,998",,"45,860",373,"16,961",328,"6,810,718","166,877","40,812,799 ",Asia,"593,0506"
29,Sweden,"657,309",,"12,826 ",,N/A,N/A,N/A,223,"64,818","1,265","5,917,399","583,524","10,140,806 ",Europe,157912
30,Pakistan,"579,973","+1,176","12,860 ",+23,"545,277",+871,"21,836","1,562","2,593",57,"8,951,838","40,017","223,702,202 ",Asia,"38617,39525"
31,Philippines,"574,247",,"12,289 ",,"524,865",,"37,093",785,"5,195",111,"8,753,147","79,186","110,539,720 ",Asia,"1928,99513"
32,Switzerland,"554,932",,"9,966 ",,"507,856",,"37,110",180,"63,812","1,146","5,025,401","577,875","8,696,351 ",Europe,168732
33,Bangladesh,"545,831",,"8,400 ",,"496,107",,"41,324",,"3,293",51,"4,030,616","24,315","165,769,700 ",Asia,"30419,73441"
34,Morocco,"483,410",,"8,615 ",,"468,807",,"5,988",285,"12,995",232,"5,647,131","151,811","37,198,337 ",Africa,"774,3187"
35,Austria,"457,317",,"8,538 ",,"428,904",,"19,875",264,"50,586",944,"5,341,373","590,840","9,040,305 ",Europe,"201,0592"
36,Serbia,"456,450",,"4,429 ",,"400,347",,"51,674",160,"52,381",508,"2,930,139","336,255","8,714,045 ",Europe,"191,9673"
37,Japan,"430,539",,"7,807 ",,"408,020",,"14,712",440,"3,411",62,"8,203,285","64,992","126,219,952 ",Asia,"29316,16815"
38,Hungary,"424,130",,"14,902 ",,"319,691",,"89,537",482,"43,978","1,545","3,632,712","376,677","9,644,104 ",Europe,236473
39,UAE,"388,594",,"1,213 ",,"379,708",,"7,673",,"38,980",122,"30,439,712","3,053,438","9,968,996 ",Asia,"268,2180"
40,Jordan,"386,496",,"4,675 ",,"346,287",,"35,534",284,"37,634",455,"4,566,735","444,675","10,269,828 ",Asia,"272,1972"
41,Saudi Arabia,"377,061",,"6,488 ",,"368,011",,"2,562",475,"10,721",184,"13,594,146","386,529","35,169,802 ",Asia,"935,4213"
42,Lebanon,"372,792",,"4,652 ",,"288,505",,"79,635",912,"54,781",684,"3,008,920","442,151","6,805,183 ",Asia,"181,4632"
43,Panama,"340,445",,"5,831 ",,"325,491",,"9,123",195,"78,095","1,338","1,903,339","436,610","4,359,353 ",North America,137482
44,Slovakia,"306,268",,"7,075 ",,"255,300",,"43,893",669,"56,079","1,295","2,037,732","373,116","5,461,391 ",Europe,187723
45,Malaysia,"298,315",,"1,121 ",,"270,166",,"27,028",190,"9,140",34,"6,138,208","188,066","32,638,635 ",Asia,"10929,1165"
46,Belarus,"285,959",,"1,966 ",,"276,234",,"7,759",,"30,269",208,"4,879,018","516,448","9,447,266 ",Europe,"334,8052"
47,Ecuador,"284,347",,"15,779 ",,"238,817",,"29,751",531,"15,958",886,"1,005,188","56,411","17,818,969 ",South America,"631,12918"
48,Nepal,"274,065",,"2,773 ",,"270,325",,967,,"9,297",94,"2,160,404","73,283","29,480,392 ",Asia,"10810,63114"
49,Georgia,"270,510",,"3,499 ",,"264,589",,"2,422",,"67,897",878,"2,684,212","673,732","3,984,097 ",Asia,"151,1391"
50,Bolivia,"248,547",+656,"11,628 ",+19,"192,553",+603,"44,366",71,"21,103",987,"716,703","60,853","11,777,661 ",South America,"471,01316"
51,Bulgaria,"246,706",,"10,167 ",,"205,137",,"31,402",380,"35,684","1,471","1,662,699","240,493","6,913,724 ",Europe,286804
52,Croatia,"242,617",,"5,511 ",,"233,890",,"3,216",75,"59,342","1,348","1,338,842","327,468","4,088,472 ",Europe,177423
53,Dominican Republic,"239,009",,"3,093 ",,"190,295",,"45,621",219,"21,888",283,"1,203,441","110,210","10,919,533 ",North America,"463,5309"
54,Azerbaijan,"234,267",,"3,218 ",,"228,651",,"2,398",,"22,969",316,"2,591,235","254,058","10,199,379 ",Asia,"443,1694"
55,Tunisia,"232,615",,"7,974 ",,"197,619",,"27,022",264,"19,547",670,"976,457","82,055","11,900,023 ",Africa,"511,49212"
56,Ireland,"218,980",,"4,313 ",,"23,364",,"191,303",135,"44,024",867,"3,523,320","708,336","4,974,080 ",Europe,"231,1531"
57,Kazakhstan,"212,809",+791,"2,540 ",,"196,543",+791,"13,726",221,"11,245",134,"7,419,449","392,057","18,924,434 ",Asia,"897,4513"
58,Denmark,"210,732",,"2,358 ",,"201,848",,"6,526",44,"36,298",406,"16,864,538","2,904,837","5,805,675 ",Europe,"282,4620"
59,Costa Rica,"204,341",,"2,800 ",,"177,099",,"24,442",147,"39,873",546,"669,685","130,676","5,124,759 ",North America,"251,8308"
60,Lithuania,"197,343",,"3,234 ",,"183,324",,"10,785",153,"73,171","1,199","2,115,119","784,246","2,697,008 ",Europe,148341
61,Kuwait,"189,890",,"1,078 ",,"178,197",,"10,615",158,"44,037",250,"1,778,076","412,351","4,312,050 ",Asia,"234,0002"
62,Greece,"189,831",,"6,468 ",,"165,718",,"17,645",377,"18,272",623,"5,209,532","501,433","10,389,297 ",Europe,"551,6062"
63,Slovenia,"189,627",,"3,836 ",,"175,210",,"10,581",95,"91,205","1,845","909,750","437,563","2,079,127 ",Europe,115422
64,Moldova,"184,856",,"3,924 ",,"165,489",,"15,443",317,"45,896",974,"715,492","177,640","4,027,754 ",Europe,"221,0266"
65,Palestine,"181,909",,"2,025 ",,"166,119",,"13,765",110,"35,125",391,"1,159,257","223,841","5,178,937 ",Asia,"282,5574"
66,Egypt,"181,829",,"10,639 ",,"140,460",,"30,730",90,"1,755",103,"1,000,000","9,653","103,599,236 ",Africa,"5709,738104"
67,Guatemala,"174,335",,"6,374 ",,"161,129",,"6,832",5,"9,614",352,"916,369","50,537","18,132,786 ",North America,"1042,84520"
68,Armenia,"171,793",,"3,190 ",,"163,309",,"5,294",,"57,903","1,075","724,606","244,230","2,966,904 ",Asia,179304
69,Honduras,"169,754",+843,"4,141 ",+24,"66,447",+574,"99,166",406,"16,962",414,"446,239","44,588","10,008,004 ",North America,"592,41722"
70,Qatar,"163,197",,257 ,,"153,219",,"9,721",105,"58,123",92,"1,532,225","545,702","2,807,805 ",Asia,"1710,9252"
71,Paraguay,"158,537",,"3,167 ",,"132,445",,"22,925",254,"22,049",440,"747,790","104,002","7,190,156 ",South America,"452,27010"
72,Ethiopia,"158,053",,"2,354 ",,"134,736",,"20,963",377,"1,353",20,"2,128,036","18,216","116,823,553 ",Africa,"73949,62855"
73,Nigeria,"155,417",,"1,905 ",,"133,256",,"20,256",10,742,9,"1,489,103","7,109","209,476,657 ",Africa,"1,348109,961141"
74,Myanmar,"141,890",,"3,199 ",,"131,454",,"7,237",,"2,596",59,"2,489,884","45,560","54,650,356 ",Asia,"38517,08422"
75,Oman,"140,588",,"1,562 ",,"131,684",,"7,342",68,"27,081",301,"1,550,000","298,569","5,191,423 ",Asia,"373,3243"
76,Venezuela,"138,739",,"1,341 ",,"130,834",,"6,564",131,"4,888",47,"2,844,236","100,211","28,382,567 ",South America,"20521,16510"
77,Libya,"132,458",,"2,174 ",,"119,492",,"10,792",,"19,106",314,"721,544","104,078","6,932,697 ",Africa,"523,18910"
78,Bosnia and Herzegovina,"130,979",,"5,071 ",,"115,847",,"10,061",,"40,088","1,552","661,206","202,372","3,267,281 ",Europe,256445
79,Bahrain,"121,778",,444 ,,"114,472",,"6,862",70,"69,988",255,"3,077,307","1,768,581","1,739,986 ",Asia,"143,9191"
80,Algeria,"112,960",,"2,979 ",,"77,976",,"32,005",21,"2,546",67,,,"44,370,173 ",Africa,"39314,894"
81,Albania,"106,215",,"1,775 ",,"68,969",,"35,471",46,"36,935",617,"458,581","159,467","2,875,717 ",Europe,"271,6206"
82,Kenya,"105,648",,"1,854 ",,"86,609",,"17,185",59,"1,937",34,"1,295,556","23,752","54,546,107 ",Africa,"51629,42142"
83,North Macedonia,"102,482",,"3,126 ",,"91,066",,"8,290",124,"49,192","1,500","519,985","249,595","2,083,317 ",Europe,206664
84,S. Korea,"89,676",+355,"1,603 ",+8,"80,697",+364,"7,376",135,"1,748",31,"6,649,006","129,614","51,298,365 ",Asia,"57232,0018"
85,Kyrgyzstan,"86,185",,"1,463 ",,"83,127",,"1,595",29,"13,069",222,"740,924","112,349","6,594,823 ",Asia,"774,5089"
86,Latvia,"85,810",,"1,614 ",,"74,839",,"9,357",74,"45,830",862,"1,495,609","798,793","1,872,335 ",Europe,"221,1601"
87,Sri Lanka,"82,890",,464 ,,"78,373",,"4,053",,"3,860",22,"2,030,702","94,572","21,472,533 ",Asia,"25946,27711"
88,Ghana,"82,586",,594 ,,"76,573",,"5,419",150,"2,622",19,"889,632","28,245","31,497,512 ",Africa,"38153,02635"
89,Uzbekistan,"79,836",,622 ,,"78,373",,841,28,"2,363",18,"1,377,915","40,781","33,787,823 ",Asia,"42354,32125"
90,Zambia,"78,202",,"1,081 ",,"73,609",,"3,512",263,"4,178",58,"1,083,026","57,855","18,719,620 ",Africa,"23917,31717"
91,Montenegro,"75,332",,999 ,,"65,780",,"8,553",68,"119,933","1,590","279,331","444,710","628,119 ",Europe,86292
92,Norway,"70,826",,622 ,,"63,783",,"6,421",21,"12,998",114,"3,825,778","702,083","5,449,182 ",Europe,"778,7611"
93,Estonia,"64,399",,584 ,,"49,709",,"14,106",41,"48,525",440,"928,459","699,602","1,327,125 ",Europe,"212,2721"
94,Singapore,"59,925",,29 ,,"59,816",,80,1,"10,190",5,"7,290,760","1,239,784","5,880,669 ",Asia,"98202,7821"
95,El Salvador,"59,866",,"1,847 ",,"55,312",,"2,707",43,"9,199",284,"761,858","117,068","6,507,806 ",North America,"1093,5239"
96,Mozambique,"58,772",,630 ,,"40,761",,"17,381",,"1,847",20,"420,600","13,215","31,826,331 ",Africa,"54250,51876"
97,Uruguay,"57,362",,603 ,,"49,466",,"7,293",71,"16,475",173,"1,012,294","290,749","3,481,682 ",South America,"615,7743"
98,Finland,"57,052",,742 ,,"46,000",,"10,310",38,"10,286",134,"3,314,197","597,539","5,546,411 ",Europe,"977,4752"
99,Afghanistan,"55,714",,"2,443 ",,"49,288",,"3,983","1,064","1,410",62,"296,646","7,510","39,501,697 ",Asia,"70916,169133"
100,Luxembourg,"55,313",,637 ,,"51,487",,"3,189",19,"87,429","1,007","2,114,911","3,342,882","632,661 ",Europe,119930
101,Cuba,"49,161",,318 ,,"44,566",,"4,277",59,"4,342",28,"2,374,019","209,681","11,322,041 ",North America,"23035,6045"
102,Uganda,"40,335",,334 ,,"14,616",,"25,385",,864,7,"879,037","18,831","46,680,861 ",Africa,"1,157139,76353"
103,Namibia,"38,642",,420 ,,"36,220",,"2,002",21,"15,030",163,"301,479","117,258","2,571,072 ",Africa,"676,1229"
104,Zimbabwe,"36,058",,"1,463 ",,"32,590",,"2,005",41,"2,403",98,"337,312","22,480","15,005,040 ",Africa,"41610,25644"
105,Cameroon,"35,714",,551 ,,"32,594",,"2,569",53,"1,324",20,"149,000","5,523","26,977,430 ",Africa,"75548,961181"
106,Cyprus,"34,424",,231 ,,"2,057",,"32,136",20,"28,376",190,"1,928,773","1,589,883","1,213,154 ",Asia,"355,2521"
107,Senegal,"34,255",,866 ,,"28,611",,"4,778",50,"2,011",51,"386,644","22,701","17,031,867 ",Africa,"49719,66744"
108,Ivory Coast,"32,631",,192 ,,"31,516",,923,,"1,217",7,"420,582","15,690","26,804,918 ",Africa,"821139,60964"
109,Malawi,"31,798",,"1,041 ",,"18,424",,"12,333",4,"1,635",54,"197,007","10,128","19,452,627 ",Africa,"61218,68699"
110,Australia,"28,970",+5,909 ,,"26,168",+2,"1,893",,"1,127",35,"14,346,034","558,330","25,694,525 ",Australia/Oceania,"88728,2672"
111,Botswana,"28,371",,310 ,,"23,244",,"4,817",1,"11,907",130,"805,587","338,096","2,382,720 ",Africa,"847,6863"
112,Sudan,"28,334",,"1,880 ",,"22,887",,"3,567",,636,42,,,"44,518,501 ",Africa,"1,57123,680"
113,Thailand,"25,881",,83 ,,"25,022",,776,1,370,1,"1,217,873","17,419","69,915,721 ",Asia,"2,701842,35857"
114,DRC,"25,792",,707 ,,"18,951",,"6,134",,282,8,,,"91,334,147 ",Africa,"3,541129,185"
115,Jamaica,"22,817",,417 ,,"13,318",,"9,082",20,"7,683",140,"205,746","69,282","2,969,701 ",North America,"1307,12214"
116,Malta,"22,219",,313 ,,"19,255",,"2,651",18,"50,233",708,"695,192","1,571,695","442,320 ",Europe,"201,4131"
117,Angola,"20,782",,506 ,,"19,315",,961,14,620,15,"188,630","5,625","33,531,626 ",Africa,"1,61366,268178"
118,Madagascar,"19,831",,297 ,,"19,296",,238,23,704,11,"119,608","4,248","28,155,738 ",Africa,"1,42094,800235"
119,Maldives,"19,597",,61 ,,"17,132",,"2,404",162,"35,840",112,"518,663","948,565","546,787 ",Asia,"288,9641"
120,Rwanda,"18,790",,261 ,,"17,307",,"1,222",11,"1,428",20,"1,004,667","76,331","13,161,924 ",Africa,"70050,42913"
121,French Polynesia,"18,387",,139 ,,"4,842",,"13,406",6,"65,207",493,"26,355","93,464","281,979 ",Australia/Oceania,"152,02911"
122,Mauritania,"17,196",,440 ,,"16,542",,214,14,"3,636",93,"172,508","36,476","4,729,416 ",Africa,"27510,74927"
123,Eswatini,"17,002",,650 ,,"14,446",,"1,906",36,"14,556",556,"151,217","129,459","1,168,072 ",Africa,"691,7978"
124,Mayotte,"16,861",,109 ,,"2,964",,"13,788",22,"60,845",393,"123,040","444,002","277,116 ",Africa,"162,5422"
125,French Guiana,"16,627",,85 ,,"9,995",,"6,547",6,"54,742",280,"149,894","493,503","303,735 ",South America,"183,5732"
126,Guinea,"15,894",,89 ,,"14,879",,926,24,"1,189",7,"137,777","10,309","13,365,153 ",Africa,"841150,17097"
127,Syria,"15,533",,"1,023 ",,"9,717",,"4,793",,874,58,,,"17,778,410 ",Asia,"1,14517,379"
128,Cabo Verde,"15,324",,147 ,,"14,784",,393,23,"27,366",263,"120,936","215,972","559,961 ",Africa,"373,8095"
129,Gabon,"14,564",,83 ,,"13,143",,"1,338",10,"6,444",37,"524,784","232,199","2,260,059 ",Africa,"15527,2304"
130,Tajikistan,"13,308",,90 ,,"13,218",,0,,"1,375",9,,,"9,677,747 ",Asia,"727107,531"
131,Haiti,"12,448",,249 ,,"9,712",,"2,487",,"1,083",22,"54,379","4,731","11,493,946 ",North America,"92346,160211"
132,Réunion,"12,416",,52 ,,"11,270",,"1,094",55,"13,803",58,"98,785","109,819","899,525 ",Africa,"7217,2999"
133,Belize,"12,293",,315 ,,"11,836",,142,2,"30,552",783,"83,888","208,490","402,360 ",North America,"331,2775"
134,Burkina Faso,"11,982",,142 ,,"11,493",,347,,563,7,,,"21,277,090 ",Africa,"1,776149,839"
135,Hong Kong,"10,984",,198 ,,"10,519",,267,17,"1,457",26,"7,980,942","1,058,892","7,537,066 ",Asia,"68638,0661"
136,Andorra,"10,849",,110 ,,"10,429",,310,17,"140,264","1,422","193,595","2,502,941","77,347 ",Europe,77030
137,Lesotho,"10,491",,292  ,,"3,745",,"6,454",,"4,872",136,"60,460","28,076","2,153,442 ",Africa,"2057,37536"
138,Guadeloupe,"9,746",,159 ,,"2,242",,"7,345",6,"24,355",397,"131,178","327,807","400,169 ",North America,"412,5173"
139,Suriname,"8,919",,170 ,,"8,399",,350,8,"15,115",288,"40,756","69,067","590,095 ",South America,"663,47114"
140,Congo,"8,820",,128 ,,"7,019",,"1,673",,"1,573",23,"92,500","16,498","5,606,808 ",Africa,"63643,80361"
141,Guyana,"8,550",,195 ,,"7,971",,384,4,"10,836",247,"64,463","81,696","789,057 ",South America,"924,04612"
142,Bahamas,"8,519",,179 ,,"7,309",,"1,031",2,"21,528",452,"67,841","171,437","395,719 ",North America,"462,2116"
143,Mali,"8,365",,352 ,,"6,402",,"1,611",,405,17,"152,035","7,369","20,630,936 ",Africa,"2,46658,611136"
144,Aruba,"7,876",,73 ,,"7,563",,240,11,"73,563",682,"104,854","979,349","107,065 ",North America,"141,4671"
145,South Sudan,"7,771",,93 ,,"4,217",,"3,461",8,689,8,"108,767","9,642","11,280,056 ",Africa,"1,452121,291104"
146,Trinidad and Tobago,"7,705",,139 ,,"7,458",,108,2,"5,494",99,"95,939","68,407","1,402,482 ",North America,"18210,09015"
147,Somalia,"6,991",,231 ,,"3,787",,"2,973",,432,14,,,"16,182,323 ",Africa,"2,31570,053"
148,Togo,"6,851",,83 ,,"5,599",,"1,169",,815,10,"235,540","28,022","8,405,551 ",Africa,"1,227101,27236"
149,Martinique,"6,687",,45 ,,98,,"6,544",2,"17,829",120,"100,913","269,050","375,072 ",North America,"568,3354"
150,Nicaragua,"6,445",,173 ,,"4,225",,"2,047",,965,26,,,"6,676,396 ",North America,"1,03638,592"
151,Djibouti,"6,065",,63 ,,"5,895",,107,,"6,081",63,"115,475","115,772","997,437 ",Africa,"16415,8329"
152,Iceland,"6,049",,29 ,,"6,006",,14,8,"17,651",85,"499,700","1,458,110","342,704 ",Europe,"5711,8171"
153,Equatorial Guinea,"6,005",,91 ,,"5,622",,292,24,"4,191",64,"97,933","68,344","1,432,952 ",Africa,"23915,74715"
154,Benin,"5,434",,70 ,,"4,248",,"1,116",,441,6,"476,511","38,645","12,330,435 ",Africa,"2,269176,14926"
155,CAR,"5,004",,63 ,,"4,920",,21,2,"1,024",13,"37,104","7,596","4,884,840 ",Africa,"97677,537132"
156,Niger,"4,740",,172 ,,"4,250",,318,3,191,7,"78,967","3,187","24,775,222 ",Africa,"5,227144,042314"
157,Curaçao,"4,727",,22 ,,"4,637",,68,1,"28,729",134,"50,714","308,224","164,536 ",North America,"357,4793"
158,Gambia,"4,691",,148 ,,"4,089",,454,8,"1,906",60,"42,080","17,099","2,460,929 ",Africa,"52516,62858"
159,Gibraltar,"4,238",,93 ,,"4,122",,23,3,"125,816","2,761","186,254","5,529,450","33,684 ",Europe,83620
160,Channel Islands,"4,034",,86 ,,"3,893",,55,1,"23,062",492,"365,480","2,089,424","174,919 ",Europe,"432,0340"
161,Chad,"3,973",,140 ,,"3,475",,358,,237,8,,,"16,733,036 ",Africa,"4,212119,522"
162,Sierra Leone,"3,887",,79 ,,"2,621",,"1,187",,481,10,"116,448","14,406","8,083,200 ",Africa,"2,080102,31969"
163,San Marino,"3,716",,74 ,,"3,257",,385,8,"109,365","2,178","42,306","1,245,100","33,978 ",Europe,94591
164,Comoros,"3,571",,144 ,,"3,304",,123,,"4,050",163,,,"881,724 ",Africa,"2476,123"
165,Saint Lucia,"3,356",,35 ,,"2,912",,409,2,"18,221",190,"30,884","167,683","184,181 ",North America,"555,2626"
166,Guinea-Bissau,"3,247",,48 ,,"2,601",,598,7,"1,625",24,"52,114","26,078","1,998,401 ",Africa,"61541,63338"
167,Barbados,"3,038",,33 ,,"2,344",,661,,"10,563",115,"125,187","435,270","287,608 ",North America,"958,7152"
168,Mongolia,"2,866",,2 ,,"2,183",,681,8,865,0.6,"1,774,941","535,760","3,312,938 ",Asia,"1,1561,656,4692"
169,Eritrea,"2,847",,7 ,,"2,253",,587,,796,2,"23,693","6,621","3,578,673 ",Africa,"1,257511,239151"
170,Seychelles,"2,592",,11 ,,"2,263",,318,,"26,248",111,"5,200","52,659","98,749 ",Africa,"388,97719"
171,Liechtenstein,"2,566",,54 ,,"2,484",,28,3,"67,173","1,414","27,354","716,073","38,200 ",Europe,157071
172,Vietnam,"2,432",,35 ,,"1,844",,553,,25,0.4,"1,997,072","20,396","97,915,519 ",Asia,"40,2612,797,58649"
173,New Zealand,"2,376",+4,26 ,,"2,285",+5,65,,475,5,"1,707,380","341,333","5,002,100 ",Australia/Oceania,"2,105192,3883"
174,Yemen,"2,269",,631 ,,"1,435",,203,23,75,21,"17,404",575,"30,255,680 ",Asia,"13,33447,9491,738"
175,Burundi,"2,181",,3 ,,773,,"1,405",,180,0.2,"90,019","7,426","12,121,435 ",Africa,"5,5584,040,478135"
176,Turks and Caicos,"2,099",,14 ,,"1,870",,215,13,"53,736",358,"16,759","429,047","39,061 ",North America,"192,7902"
177,Sint Maarten,"2,055",,27 ,,"1,998",,30,2,"47,574",625,"19,228","445,134","43,196 ",North America,"211,6002"
178,Liberia,"2,010",,85 ,,"1,884",,41,2,391,17,"73,267","14,267","5,135,380 ",Africa,"2,55560,41670"
179,Monaco,"1,953",,24 ,,"1,704",,225,11,"49,537",609,"51,953","1,317,768","39,425 ",Europe,"201,6431"
180,Sao Tome and Principe,"1,786",,28 ,,"1,355",,403,,"8,051",126,"11,592","52,257","221,826 ",Africa,"1247,92219"
181,St. Vincent Grenadines,"1,556",,8 ,,932,,616,2,"13,996",72,"35,851","322,479","111,173 ",North America,"7113,8973"
182,Saint Martin,"1,544",,12 ,,"1,399",,133,7,"39,490",307,"21,398","547,277","39,099 ",North America,"253,2582"
183,Papua New Guinea,"1,275",,12 ,,846,,417,,141,1,"47,490","5,243","9,058,082 ",Australia/Oceania,"7,104754,840191"
184,Taiwan,954,,9 ,,917,,28,,40,0.4,"174,435","7,315","23,845,271 ",Asia,"24,9952,649,475137"
185,Bhutan,867,,1 ,,862,,4,,"1,116",1,"523,430","673,483","777,199 ",Asia,"896777,1991"
186,Cambodia,805,+38, ,,477,,328,,48,,"484,861","28,739","16,871,005 ",Asia,"20,95835"
187,Antigua and Barbuda,726,,14 ,,291,,421,40,"7,373",142,"13,976","141,942","98,463 ",North America,"1367,0337"
188,Diamond Princess,712,,13 ,,699,,0,,,,,, ,,
189,Bermuda,705,,12 ,,682,,11,3,"11,348",193,"174,195","2,803,899","62,126 ",North America,"885,1770"
190,Faeroe Islands,658,,1 ,,657,,0,,"13,432",20,"230,656","4,708,611","48,986 ",Europe,"7448,9860"
191,Mauritius,610,,10 ,,571,,29,,479,8,"289,552","227,427","1,273,163 ",Africa,"2,087127,3164"
192,St. Barth,573,,1 ,,462,,110,,"57,896",101,"17,956","1,814,287","9,897 ",North America,"179,8971"
193,Tanzania,509,,21 ,,183,,305,7,8,0.3,,,"60,843,179 ",Africa,"119,5352,897,294"
194,Isle of Man,484,,25 ,,410,,49,,"5,672",293,"32,654","382,679","85,330 ",Europe,"1763,4133"
195,Cayman Islands,444,,2 ,,413,,29,,"6,704",30,"73,596","1,111,218","66,230 ",North America,"14933,1151"
196,Caribbean Netherlands,429,,4 ,,402,,23,,"16,260",152,"6,520","247,119","26,384 ",North America,"626,5964"
197,Brunei ,186,,3 ,,181,,2,,422,7,"100,667","228,665","440,238 ",Asia,"2,367146,7464"
198,British Virgin Islands,153,,1 ,,131,,21,,"5,039",33,"13,223","435,483","30,364 ",North America,"19830,3642"
199,Grenada,148,,1 ,,147,,0,,"1,311",9,"20,288","179,751","112,867 ",North America,"763112,8676"
200,Dominica,142,, ,,127,,15,,"1,969",,"11,519","159,755","72,104 ",North America,5086
201,Timor-Leste,111,, ,,89,,22,,83,,"21,242","15,913","1,334,899 ",Asia,"12,02663"
202,Fiji,59,,2 ,,54,,3,,66,2,"30,118","33,437","900,728 ",Australia/Oceania,"15,267450,36430"
203,New Caledonia,58,, ,,55,,3,,202,,"22,627","78,756","287,305 ",Australia/Oceania,"4,95413"
204,Falkland Islands,54,, ,,46,,8,,"15,228",,"7,009","1,976,593","3,546 ",South America,661
205,Macao,48,, ,,47,,1,,73,,"4,369","6,669","655,152 ",Asia,"13,649150"
206,Laos,45,, ,,42,,3,,6,,"112,150","15,269","7,344,908 ",Asia,"163,22065"
207,Saint Kitts and Nevis,41,, ,,40,,1,,767,,"8,790","164,462","53,447 ",North America,"1,3046"
208,Greenland,30,, ,,30,,0,,528,,"18,924","332,964","56,835 ",North America,"1,8953"
209,Vatican City,27,, ,,15,,12,,"33,666",,,,802 ,Europe,30
210,Saint Pierre Miquelon,24,, ,,16,,8,,"4,156",,"3,729","645,714","5,775 ",North America,2412
211,Montserrat,20,,1 ,,13,,6,,"4,005",200,947,"189,628","4,994 ",North America,"2504,9945"
212,Anguilla,18,, ,,18,,0,,"1,193",,"9,742","645,550","15,091 ",North America,8382
213,Solomon Islands,18,, ,,14,,4,,26,,"4,500","6,448","697,887 ",Australia/Oceania,"38,772155"
214,Western Sahara,10,,1 ,,8,,1,,16,2,,,"606,932 ",Africa,"60,693606,932"
215,MS Zaandam,9,,2 ,,7,,0,,,,,, ,,
216,Wallis and Futuna,9,, ,,7,,2,,810,,"1,202","108,210","11,108 ",Australia/Oceania,"1,2349"
217,Marshall Islands,4,, ,,4,,0,,67,,,,"59,453 ",Australia/Oceania,"14,863"
218,Samoa,3,, ,,2,,1,,15,,,,"199,284 ",Australia/Oceania,"66,428"
219,Micronesia,1,, ,,1,,0,,9,,,,"115,817 ",Australia/Oceania,"115,817"
220,Vanuatu,1,, ,,1,,0,,3,,470,"1,507","311,837 ",Australia/Oceania,"311,837663"
221,China,"89,893",+6,"4,636 ",,"85,039",+18,218,1,62,3,"160,000,000","111,163","1,439,323,776 ",Asia,"16,012310,4679"
,Total:,"33,504,423","+8,089","758,226",+807,"23,176,861","+5,248","9,569,336","21,638",,,,,,North America, ,,
,Total:,"24,938,677","+2,657","397,583",+31,"23,450,243","+3,938","1,090,851","21,862",,,,,,Asia, ,,
,Total:,"17,936,527",+656,"465,612",+19,"16,204,452",+603,"1,266,463","18,928",,,,,,South America, ,,
,Total:,"34,030,247",,"811,393",,"23,589,003",,"9,629,851","25,346",,,,,,Europe, ,,
,Total:,"3,915,198",,"103,643",,"3,475,121",,"336,434","2,528",,,,,,Africa, ,,
,,North America,,"33,504,423","+8,089","758,226",+807,"23,176,861","+5,248","9,569,336","21,638",,,,,,North America,,,,
